Taxon	TaxID	Fragments	PropTotal	PropNonHost
Homo sapiens	9606	3868	0.00045135042226002403	0.9930680359435173
Ralstonia insidiosa	190721	11	1.2835715214219918e-6	0.0028241335044929395
Ralstonia pickettii	329	3	3.50064960387816e-7	0.0007702182284980744
Choristoneura rosaceana nucleopolyhedrovirus	58094	3	3.50064960387816e-7	0.0007702182284980744
Ralstonia sp. 56D2	2842456	2	2.3337664025854397e-7	0.0005134788189987163
Phyllobacterium zundukense	1867719	2	2.3337664025854397e-7	0.0005134788189987163
Actinoplanes sp. N902-109	649831	2	2.3337664025854397e-7	0.0005134788189987163
Cutibacterium acnes	1747	2	2.3337664025854397e-7	0.0005134788189987163
Bacillus sp. M4U3P1	2592382	2	2.3337664025854397e-7	0.0005134788189987163
