Taxon	TaxID	Fragments	PropTotal	PropNonHost
Homo sapiens	9606	219	0.00021573867839864766	0.8202247191011236
Ralstonia solanacearum	305	18	1.773194616975186e-5	0.06741573033707865
Ralstonia insidiosa	190721	8	7.88086496433416e-6	0.0299625468164794
Nocardia yamanashiensis	209247	7	6.89575684379239e-6	0.026217228464419477
Acinetobacter baumannii	470	5	4.92554060270885e-6	0.018726591760299626
Sinorhizobium meliloti	382	4	3.94043248216708e-6	0.0149812734082397
Pseudomonas sp. NS1(2017)	2025658	2	1.97021624108354e-6	0.00749063670411985
Pseudomonas stutzeri	316	2	1.97021624108354e-6	0.00749063670411985
Geobacter sp. FeAm09	2597769	2	1.97021624108354e-6	0.00749063670411985
