Taxon	TaxID	Fragments	PropTotal	PropNonHost
Homo sapiens	9606	4933	0.00032501799853876966	0.9929549114331723
Cutibacterium acnes	1747	12	7.906377422390505e-7	0.0024154589371980675
Mesorhizobium sp. B2-1-1	2589974	7	4.6120534963944614e-7	0.0014090177133655394
Pseudonocardia sp. DSM 110487	2865833	4	2.635459140796835e-7	0.0008051529790660225
Nocardioides sp. dk884	2662361	3	1.9765943555976262e-7	0.0006038647342995169
Bacillus cereus	1396	3	1.9765943555976262e-7	0.0006038647342995169
Leifsonia sp. ZF2019	2781978	2	1.3177295703984176e-7	0.00040257648953301127
Dermacoccus nishinomiyaensis	1274	2	1.3177295703984176e-7	0.00040257648953301127
Paracoccus sp. Arc7-R13	2500532	2	1.3177295703984176e-7	0.00040257648953301127
