Taxon	TaxID	Fragments	PropTotal	PropNonHost
Homo sapiens	9606	5634	0.0004612241021929839	0.990506329113924
Delftia sp. WY8	2708352	26	2.1284747350048954e-6	0.004571026722925457
Ralstonia insidiosa	190721	11	9.005085417328404e-7	0.0019338959212376935
Cutibacterium acnes	1747	4	3.274576515392147e-7	0.0007032348804500703
Variovorax paradoxus	34073	3	2.45593238654411e-7	0.0005274261603375527
Acinetobacter nosocomialis	106654	3	2.45593238654411e-7	0.0005274261603375527
Saccharopolyspora spinosa	60894	3	2.45593238654411e-7	0.0005274261603375527
Pseudoxanthomonas spadix	415229	2	1.6372882576960736e-7	0.00035161744022503517
Devosia salina	2860336	2	1.6372882576960736e-7	0.00035161744022503517
