Taxon	TaxID	Fragments	PropTotal	PropNonHost
Homo sapiens	9606	138	0.00024078432877878725	0.8414634146341463
Ralstonia insidiosa	190721	14	2.44273956732103e-5	0.08536585365853659
Ralstonia mannitolilytica	105219	7	1.221369783660515e-5	0.042682926829268296
Burkholderia pyrrocinia	60550	3	5.234441929973636e-6	0.018292682926829267
Paracoccus zhejiangensis	1077935	2	3.4896279533157575e-6	0.012195121951219513
