Taxon	TaxID	Fragments	PropTotal	PropNonHost
Homo sapiens	9606	240	0.0002933311170537823	0.8421052631578947
[Ochrobactrum] quorumnocens	271865	14	1.71109818281373e-5	0.04912280701754386
Achromobacter xylosoxidans	85698	10	1.2222129877240928e-5	0.03508771929824561
Pseudomonas stutzeri	316	7	8.55549091406865e-6	0.02456140350877193
Ralstonia insidiosa	190721	4	4.888851950896371e-6	0.014035087719298246
Amycolatopsis methanolica	1814	4	4.888851950896371e-6	0.014035087719298246
Pseudomonas vancouverensis	95300	3	3.666638963172278e-6	0.010526315789473684
Chryseobacterium joostei	112234	3	3.666638963172278e-6	0.010526315789473684
