Taxon	TaxID	Fragments	PropTotal	PropNonHost
Homo sapiens	9606	5282	0.0004455105659046935	0.9909943714821764
Delftia acidovorans	80866	22	1.8555911491675986e-6	0.004127579737335835
Ralstonia insidiosa	190721	7	5.904153656442359e-7	0.0013133208255159475
Pseudomonas protegens	380021	4	3.373802089395634e-7	0.00075046904315197
Nocardioides aromaticivorans	200618	4	3.373802089395634e-7	0.00075046904315197
Ralstonia mannitolilytica	105219	3	2.5303515670467254e-7	0.0005628517823639775
Shinella sp. PSBB067	2715959	3	2.5303515670467254e-7	0.0005628517823639775
Cutibacterium acnes	1747	3	2.5303515670467254e-7	0.0005628517823639775
Egicoccus halophilus	1670830	2	1.686901044697817e-7	0.000375234521575985
