Taxon	TaxID	Fragments	PropTotal	PropNonHost
Homo sapiens	9606	138	0.00019931107692974285	0.7624309392265194
Delftia lacustris	558537	22	3.177422965546625e-5	0.12154696132596685
Achromobacter xylosoxidans	85698	6	8.665698996945341e-6	0.03314917127071823
Ralstonia insidiosa	190721	4	5.777132664630227e-6	0.022099447513812154
Roseobacter denitrificans	2434	3	4.332849498472671e-6	0.016574585635359115
Ralstonia pickettii	329	2	2.8885663323151136e-6	0.011049723756906077
Ralstonia mannitolilytica	105219	2	2.8885663323151136e-6	0.011049723756906077
Janthinobacterium sp. LM6	1938606	2	2.8885663323151136e-6	0.011049723756906077
Tepidimonas taiwanensis	307486	2	2.8885663323151136e-6	0.011049723756906077
