Taxon	TaxID	Fragments	PropTotal	PropNonHost
Homo sapiens	9606	4893	0.00041445512407310876	0.9941080861438439
Delftia sp. WY8	2708352	14	1.1858515710246316e-6	0.0028443722064201544
Ralstonia insidiosa	190721	6	5.082221018676993e-7	0.001219016659894352
Polymorphum gilvum	991904	5	4.2351841822308275e-7	0.0010158472165786266
Brevundimonas naejangsanensis	588932	2	1.694073672892331e-7	0.0004063388866314506
Brevundimonas sp. M20	2591463	2	1.694073672892331e-7	0.0004063388866314506
