Taxon	TaxID	Fragments	PropTotal	PropNonHost
Homo sapiens	9606	129	0.00018570984348547143	0.8835616438356164
Ralstonia insidiosa	190721	14	2.0154556657337986e-5	0.0958904109589041
Sinorhizobium meliloti	382	3	4.318833569429569e-6	0.02054794520547945
