Taxon	TaxID	Fragments	PropTotal	PropNonHost
Homo sapiens	9606	4028	0.00031903896718817287	0.9950592885375494
Ralstonia insidiosa	190721	17	1.346490179294672e-6	0.004199604743083004
Cupriavidus sp. EM10	2839983	3	2.3761591399317742e-7	0.0007411067193675889
