Taxon	TaxID	Fragments	PropTotal	PropNonHost
Homo sapiens	9606	115	0.00024815823432179434	0.6845238095238095
Ralstonia insidiosa	190721	14	3.0210567656566267e-5	0.08333333333333333
Corynebacterium kefirresidentii	1979527	9	1.94210792077926e-5	0.05357142857142857
Streptomyces liangshanensis	2717324	8	1.7263181518037865e-5	0.047619047619047616
Paracoccus sp. Arc7-R13	2500532	6	1.29473861385284e-5	0.03571428571428571
Ralstonia solanacearum	305	5	1.0789488448773667e-5	0.02976190476190476
Cutibacterium acnes	1747	5	1.0789488448773667e-5	0.02976190476190476
Methylomicrobium album	39775	3	6.4736930692642e-6	0.017857142857142856
Thermodesulfatator indicus	171695	3	6.4736930692642e-6	0.017857142857142856
