Taxon	TaxID	Fragments	PropTotal	PropNonHost
Homo sapiens	9606	2833	0.0001948469213670592	0.9871080139372822
Ralstonia insidiosa	190721	19	1.3067742696696523e-6	0.00662020905923345
Delftia sp. WY8	2708352	18	1.2379966765291443e-6	0.0062717770034843206
