Taxon	TaxID	Fragments	PropTotal	PropNonHost
Homo sapiens	9606	4579	0.0005095943744520385	0.9960844028714378
Delftia acidovorans	80866	10	1.1128944626600536e-6	0.0021753317380900587
Ralstonia insidiosa	190721	3	3.338683387980161e-7	0.0006525995214270176
Cutibacterium acnes	1747	3	3.338683387980161e-7	0.0006525995214270176
Bosea sp. RAC05	1842539	2	2.2257889253201073e-7	0.00043506634761801175
