Taxon	TaxID	Fragments	PropTotal	PropNonHost
Homo sapiens	9606	5833	0.00044801652645636285	0.9977762572699281
Ralstonia insidiosa	190721	8	6.144577767273964e-7	0.0013684570646595963
Cutibacterium acnes	1747	3	2.3042166627277362e-7	0.0005131713992473486
Herbaspirillum sp. meg3	2025949	2	1.536144441818491e-7	0.00034211426616489907
