Taxon	TaxID	Fragments	PropTotal	PropNonHost
Homo sapiens	9606	144	0.00023934698165172687	0.7741935483870968
Ralstonia insidiosa	190721	18	2.991837270646586e-5	0.0967741935483871
Hyphomonas neptunium	81032	7	1.1634922719181167e-5	0.03763440860215054
Alcaligenes faecalis	511	4	6.6485272681035246e-6	0.021505376344086023
Cutibacterium acnes	1747	4	6.6485272681035246e-6	0.021505376344086023
Modestobacter marinus	477641	3	4.986395451077643e-6	0.016129032258064516
Bradyrhizobium quebecense	2748629	2	3.3242636340517623e-6	0.010752688172043012
Corynebacterium kroppenstedtii	161879	2	3.3242636340517623e-6	0.010752688172043012
Egicoccus halophilus	1670830	2	3.3242636340517623e-6	0.010752688172043012
