Taxon	TaxID	Fragments	PropTotal	PropNonHost
Homo sapiens	9606	4173	0.00043006515079951614	0.9966563171721997
Pseudomonas mendocina	300	7	7.214129057264829e-7	0.0016718414139001673
Cutibacterium acnes	1747	4	4.122359461294188e-7	0.0009553379508000956
Lysobacter antibioticus	84531	3	3.091769595970641e-7	0.0007165034631000717
