Taxon	TaxID	Fragments	PropTotal	PropNonHost
Homo sapiens	9606	5575	0.00046380996886108823	0.9951802927525883
Delftia acidovorans	80866	14	1.1647245854807596e-6	0.0024991074616208496
Ralstonia insidiosa	190721	8	6.655569059890055e-7	0.0014280614066404856
Cutibacterium acnes	1747	3	2.495838397458771e-7	0.0005355230274901821
Staphylococcus cohnii	29382	2	1.6638922649725137e-7	0.0003570153516601214
