Taxon	TaxID	Fragments	PropTotal	PropNonHost
Homo sapiens	9606	4489	0.0004294072716089476	0.9991097262408191
Kocuria sp. KD4	2719588	2	1.9131533598081872e-7	0.0004451368795904741
Jiangella sp. DSM 45060	1798224	2	1.9131533598081872e-7	0.0004451368795904741
