Taxon	TaxID	Fragments	PropTotal	PropNonHost
Homo sapiens	9606	146	0.00034525487376914273	0.9358974358974359
Bradyrhizobium sp. 195	2782662	4	9.45903763751076e-6	0.02564102564102564
Hyphomicrobium nitrativorans	1427356	3	7.09427822813307e-6	0.019230769230769232
Paracoccus sp. MC1862	2760307	3	7.09427822813307e-6	0.019230769230769232
