Taxon	TaxID	Fragments	PropTotal	PropNonHost
Homo sapiens	9606	3182	0.0002992068010777839	0.9903516962340492
Bradyrhizobium oligotrophicum	44255	8	7.522483999441456e-7	0.0024898848428260194
Pseudomonas stutzeri	316	6	5.641862999581091e-7	0.0018674136321195146
Lysobacter sp. CW239	2762611	5	4.7015524996509096e-7	0.001556178026766262
Ralstonia insidiosa	190721	5	4.7015524996509096e-7	0.001556178026766262
Nocardiopsis alba	53437	3	2.8209314997905457e-7	0.0009337068160597573
Cutibacterium acnes	1747	2	1.880620999860364e-7	0.0006224712107065049
Marmoricola scoriae	642780	2	1.880620999860364e-7	0.0006224712107065049
