Taxon	TaxID	Fragments	PropTotal	PropNonHost
Homo sapiens	9606	277	0.00024787627305047997	0.8052325581395349
Delftia tsuruhatensis	180282	23	2.05817844049135e-5	0.06686046511627906
Ralstonia insidiosa	190721	19	1.7002343638841586e-5	0.055232558139534885
Acinetobacter pittii	48296	10	8.948601915179782e-6	0.029069767441860465
Corynebacterium timonense	441500	4	3.579440766071913e-6	0.011627906976744186
Ralstonia pickettii	329	3	2.6845805745539347e-6	0.00872093023255814
Pseudomonas balearica	74829	3	2.6845805745539347e-6	0.00872093023255814
Pseudorhodoplanes sinuspersici	1235591	3	2.6845805745539347e-6	0.00872093023255814
Epilithonimonas vandammei	2487072	2	1.7897203830359565e-6	0.005813953488372093
