Taxon	TaxID	Fragments	PropTotal	PropNonHost
Homo sapiens	9606	4624	0.000424099801395824	0.998272884283247
Ralstonia insidiosa	190721	5	4.5858542538475773e-7	0.001079447322970639
Streptomyces lavendulae	1914	3	2.7515125523085467e-7	0.0006476683937823834
