Taxon	TaxID	Fragments	PropTotal	PropNonHost
Homo sapiens	9606	4824	0.00048695458361143446	0.9940243148567897
Ralstonia insidiosa	190721	12	1.2113298099786928e-6	0.00247269730063878
Cutibacterium acnes	1747	5	5.047207541577886e-7	0.0010302905419328251
Amycolatopsis sp. YIM 10	2653857	3	3.028324524946732e-7	0.000618174325159695
Streptomyces seoulensis	73044	3	3.028324524946732e-7	0.000618174325159695
Alcaligenes faecalis	511	2	2.0188830166311546e-7	0.00041211621677313
Aeromicrobium erythreum	2041	2	2.0188830166311546e-7	0.00041211621677313
[Ruminococcus] gnavus	33038	2	2.0188830166311546e-7	0.00041211621677313
