Taxon	TaxID	Fragments	PropTotal	PropNonHost
Homo sapiens	9606	128	0.0002696025258386639	0.7710843373493976
Ralstonia insidiosa	190721	15	3.1594045996718434e-5	0.09036144578313253
Serratia quinivorans	137545	5	1.0531348665572811e-5	0.030120481927710843
Micrococcus luteus	1270	5	1.0531348665572811e-5	0.030120481927710843
Mesorhizobium sp. Pch-S	2082387	4	8.425078932458248e-6	0.024096385542168676
Cutibacterium acnes	1747	3	6.3188091993436866e-6	0.018072289156626505
Lysobacter capsici	435897	2	4.212539466229124e-6	0.012048192771084338
Marinicauda algicola	2029849	2	4.212539466229124e-6	0.012048192771084338
Actinomarinicola tropica	2789776	2	4.212539466229124e-6	0.012048192771084338
