Taxon	TaxID	Fragments	PropTotal	PropNonHost
Homo sapiens	9606	82	0.0002264774199250415	0.7961165048543689
Ralstonia insidiosa	190721	8	2.2095358041467464e-5	0.07766990291262135
Magnetospirillum magneticum	84159	3	8.285759265550298e-6	0.02912621359223301
Bordetella genomosp. 13	463040	2	5.523839510366866e-6	0.019417475728155338
Luteimonas sp. YGD11-2	2508168	2	5.523839510366866e-6	0.019417475728155338
Corynebacterium matruchotii	43768	2	5.523839510366866e-6	0.019417475728155338
Cutibacterium acnes	1747	2	5.523839510366866e-6	0.019417475728155338
Prevotella veroralis	28137	2	5.523839510366866e-6	0.019417475728155338
