Taxon	TaxID	Fragments	PropTotal	PropNonHost
Homo sapiens	9606	972	0.00019278809870671318	0.9808274470232089
Ralstonia insidiosa	190721	9	1.785074988025122e-6	0.009081735620585268
Thermobifida halotolerans	483545	4	7.933666613444987e-7	0.004036326942482341
Laribacter hongkongensis	168471	2	3.966833306722493e-7	0.0020181634712411706
Luteimonas yindakuii	2565782	2	3.966833306722493e-7	0.0020181634712411706
Labilithrix luteola	1391654	2	3.966833306722493e-7	0.0020181634712411706
