Taxon	TaxID	Fragments	PropTotal	PropNonHost
Homo sapiens	9606	4998	0.0004290107396890213	0.9966101694915255
Ralstonia insidiosa	190721	8	6.866918602465327e-7	0.0015952143569292123
Actinomarinicola tropica	2789776	5	4.291824126540829e-7	0.0009970089730807576
Rhodoferax ferrireducens	192843	2	1.7167296506163317e-7	0.00039880358923230307
Pseudonocardia sp. AL041005-10	445576	2	1.7167296506163317e-7	0.00039880358923230307
