Taxon	TaxID	Fragments	PropTotal	PropNonHost
Homo sapiens	9606	6739	0.000496137467846589	0.9974837181764358
Sulfitobacter pseudonitzschiae	1402135	4	2.944872935726897e-7	0.0005920663114268798
Acinetobacter pittii	48296	3	2.2086547017951725e-7	0.0004440497335701599
Ralstonia insidiosa	190721	3	2.2086547017951725e-7	0.0004440497335701599
Pseudonocardia autotrophica	2074	3	2.2086547017951725e-7	0.0004440497335701599
Micromonospora sp. B006	2201999	2	1.4724364678634484e-7	0.0002960331557134399
Cutibacterium acnes	1747	2	1.4724364678634484e-7	0.0002960331557134399
