Taxon	TaxID	Fragments	PropTotal	PropNonHost
Homo sapiens	9606	5093	0.0005174430530704753	0.9920140241527075
Delftia acidovorans	80866	15	1.5239830740343865e-6	0.00292169848071679
Ralstonia insidiosa	190721	12	1.2191864592275093e-6	0.002337358784573432
Cutibacterium acnes	1747	7	7.111921012160471e-7	0.0013634592910011687
Methylomonas sp. EFPC1	2812647	3	3.047966148068773e-7	0.000584339696143358
Ralstonia sp. 56D2	2842456	2	2.0319774320458489e-7	0.00038955979742890534
Methylocystis heyeri	391905	2	2.0319774320458489e-7	0.00038955979742890534
