Taxon	TaxID	Fragments	PropTotal	PropNonHost
Homo sapiens	9606	4816	0.0003854959702623798	0.9933993399339934
Ralstonia insidiosa	190721	20	1.600896886471677e-6	0.004125412541254125
Bradyrhizobium sp. CCBAU 51753	1325100	4	3.201793772943354e-7	0.0008250825082508251
Achromobacter mucicolens	1389922	2	1.600896886471677e-7	0.00041254125412541255
Ferribacterium limneticum	76259	2	1.600896886471677e-7	0.00041254125412541255
Mycolicibacter minnesotensis	1118379	2	1.600896886471677e-7	0.00041254125412541255
Micromonospora echinofusca	47858	2	1.600896886471677e-7	0.00041254125412541255
