Taxon	TaxID	Fragments	PropTotal	PropNonHost
Homo sapiens	9606	4034	0.0004100620734767399	0.9887254901960785
Ralstonia insidiosa	190721	18	1.8297266540856017e-6	0.004411764705882353
Delftia acidovorans	80866	17	1.7280751733030682e-6	0.004166666666666667
Blastococcus saxobsidens	138336	5	5.082574039126671e-7	0.0012254901960784314
Bradyrhizobium sp. CCBAU 53351	1325114	3	3.049544423476003e-7	0.0007352941176470588
Janibacter limosus	53458	3	3.049544423476003e-7	0.0007352941176470588
