Taxon	TaxID	Fragments	PropTotal	PropNonHost
Homo sapiens	9606	4852	0.000538564587735579	0.9958949096880131
Ralstonia insidiosa	190721	9	9.98986250952228e-7	0.0018472906403940886
Kaistia sp. 32K	2795690	5	5.549923616401267e-7	0.001026272577996716
Sinomonas sp. R1AF57	2020377	4	4.439938893121014e-7	0.0008210180623973727
Pseudomonas stutzeri	316	2	2.219969446560507e-7	0.00041050903119868636
