Taxon	TaxID	Fragments	PropTotal	PropNonHost
Homo sapiens	9606	185	0.000229736039499697	0.9438775510204082
Delftia acidovorans	80866	4	4.967265718912367e-6	0.02040816326530612
Aeromicrobium sp. zg-629	2663859	3	3.7254492891842757e-6	0.015306122448979591
Paraburkholderia fungorum	134537	2	2.4836328594561837e-6	0.01020408163265306
Sphingomonas hengshuiensis	1609977	2	2.4836328594561837e-6	0.01020408163265306
