Taxon	TaxID	Fragments	PropTotal	PropNonHost
Homo sapiens	9606	248	0.00021790225151015926	0.9018181818181819
Phyllobacterium sp. 628	2718938	11	9.665019220208676e-6	0.04
Pseudomonas entomophila	312306	4	3.514552443712246e-6	0.014545454545454545
Cutibacterium acnes	1747	4	3.514552443712246e-6	0.014545454545454545
Arthrobacter sp. PAMC 25486	1494608	3	2.6359143327841843e-6	0.01090909090909091
Rhodopirellula baltica	265606	3	2.6359143327841843e-6	0.01090909090909091
Luteimonas chenhongjianii	2006110	2	1.757276221856123e-6	0.007272727272727273
