Taxon	TaxID	Fragments	PropTotal	PropNonHost
Homo sapiens	9606	381	0.0002167003756139844	0.9225181598062954
Ralstonia insidiosa	190721	12	6.825208680755414e-6	0.029055690072639227
Actinoplanes ianthinogenes	122358	7	3.981371730440658e-6	0.01694915254237288
Acinetobacter sp. F9	2853158	5	2.843836950314756e-6	0.012106537530266344
Cutibacterium acnes	1747	4	2.275069560251805e-6	0.009685230024213076
Pseudomonas stutzeri	316	2	1.1375347801259024e-6	0.004842615012106538
Cereibacter sphaeroides	1063	2	1.1375347801259024e-6	0.004842615012106538
