Taxon	TaxID	Fragments	PropTotal	PropNonHost
Homo sapiens	9606	4063	0.0003600204191743526	0.9953454189122979
Pseudomonas alcaliphila	101564	4	3.544380203537805e-7	0.0009799118079372856
Actinocatenispora sera	390989	3	2.658285152653354e-7	0.0007349338559529642
Cutibacterium acnes	1747	3	2.658285152653354e-7	0.0007349338559529642
Enterococcus cecorum	44008	3	2.658285152653354e-7	0.0007349338559529642
Variovorax paradoxus	34073	2	1.7721901017689026e-7	0.0004899559039686428
Comamonas aquatica	225991	2	1.7721901017689026e-7	0.0004899559039686428
Ralstonia insidiosa	190721	2	1.7721901017689026e-7	0.0004899559039686428
