Taxon	TaxID	Fragments	PropTotal	PropNonHost
Homo sapiens	9606	8863	0.0004214098052737704	0.9962904676258992
Ralstonia insidiosa	190721	12	5.705650077045295e-7	0.0013489208633093526
Cutibacterium acnes	1747	7	3.328295878276422e-7	0.0007868705035971223
Lichenicola cladoniae	1484109	5	2.3773541987688727e-7	0.0005620503597122302
Halopseudomonas sp. RR6	2918528	4	1.9018833590150982e-7	0.0004496402877697842
Hypericibacter terrae	2602015	3	1.4264125192613238e-7	0.00033723021582733815
Xanthomonas sp. SS	2724122	2	9.509416795075491e-8	0.0002248201438848921
