Taxon	TaxID	Fragments	PropTotal	PropNonHost
Homo sapiens	9606	5253	0.0005011858918795196	0.9952633573323229
Ralstonia insidiosa	190721	17	1.6219608151440764e-6	0.003220917014020462
Bradyrhizobium diazoefficiens	1355477	4	3.8163783885742976e-7	0.0007578628268283441
Bradyrhizobium sp. 170	2782641	2	1.9081891942871488e-7	0.00037893141341417203
Staphylococcus hominis	1290	2	1.9081891942871488e-7	0.00037893141341417203
