Taxon	TaxID	Fragments	PropTotal	PropNonHost
Homo sapiens	9606	4967	0.00036613517235848254	0.9912193175014967
Delftia tsuruhatensis	180282	15	1.1057031579177045e-6	0.0029934144881261227
Ralstonia insidiosa	190721	15	1.1057031579177045e-6	0.0029934144881261227
Stenotrophomonas maltophilia	40324	9	6.634218947506227e-7	0.0017960486928756735
Serratia rhizosphaerae	2597702	3	2.211406315835409e-7	0.0005986828976252245
Lactococcus lactis	1358	2	1.474270877223606e-7	0.0003991219317501497
