Taxon	TaxID	Fragments	PropTotal	PropNonHost
Comamonadaceae	80864	14	1.1647245854807596e-6	0.4375
Burkholderiaceae	119060	9	7.487515192376312e-7	0.28125
Propionibacteriaceae	31957	3	2.495838397458771e-7	0.09375
Pseudomonadaceae	135621	2	1.6638922649725137e-7	0.0625
Xanthomonadaceae	32033	2	1.6638922649725137e-7	0.0625
Staphylococcaceae	90964	2	1.6638922649725137e-7	0.0625
