Taxon	TaxID	Fragments	PropTotal	PropNonHost
Burkholderiaceae	119060	20	1.3755518628101602e-6	0.425531914893617
Comamonadaceae	80864	18	1.2379966765291443e-6	0.3829787234042553
Pseudomonadaceae	135621	4	2.7511037256203204e-7	0.0851063829787234
Pseudonocardiaceae	2070	3	2.0633277942152403e-7	0.06382978723404255
Streptomycetaceae	2062	2	1.3755518628101602e-7	0.0425531914893617
