Taxon	TaxID	Fragments	PropTotal	PropNonHost
Comamonadaceae	80864	5	6.209082148640459e-6	0.21739130434782608
Cellulomonadaceae	85016	4	4.967265718912367e-6	0.17391304347826086
Burkholderiaceae	119060	3	3.7254492891842757e-6	0.13043478260869565
Pseudomonadaceae	135621	3	3.7254492891842757e-6	0.13043478260869565
Bradyrhizobiaceae	41294	2	2.4836328594561837e-6	0.08695652173913043
Sphingomonadaceae	41297	2	2.4836328594561837e-6	0.08695652173913043
Nocardioidaceae	85015	2	2.4836328594561837e-6	0.08695652173913043
Corynebacteriaceae	1653	2	2.4836328594561837e-6	0.08695652173913043
