Taxon	TaxID	Fragments	PropTotal	PropNonHost
Burkholderiaceae	119060	22	1.7425167026166343e-6	0.6470588235294118
Comamonadaceae	80864	6	4.7523182798635484e-7	0.17647058823529413
Pseudomonadaceae	135621	2	1.5841060932878493e-7	0.058823529411764705
Enterobacteriaceae	543	2	1.5841060932878493e-7	0.058823529411764705
Propionibacteriaceae	31957	2	1.5841060932878493e-7	0.058823529411764705
