Taxon	TaxID	Fragments	PropTotal	PropNonHost
Comamonadaceae	80864	22	3.177422965546625e-5	0.4074074074074074
Burkholderiaceae	119060	11	1.5887114827733126e-5	0.2037037037037037
Alcaligenaceae	506	6	8.665698996945341e-6	0.1111111111111111
Oxalobacteraceae	75682	4	5.777132664630227e-6	0.07407407407407407
Phyllobacteriaceae	69277	3	4.332849498472671e-6	0.05555555555555555
Methylobacteriaceae	119045	2	2.8885663323151136e-6	0.037037037037037035
Roseobacteraceae	2854170	2	2.8885663323151136e-6	0.037037037037037035
Pseudomonadaceae	135621	2	2.8885663323151136e-6	0.037037037037037035
Micrococcaceae	1268	2	2.8885663323151136e-6	0.037037037037037035
