Taxon	TaxID	Fragments	PropTotal	PropNonHost
Comamonadaceae	80864	11	1.2241839089260591e-6	0.5789473684210527
Burkholderiaceae	119060	3	3.338683387980161e-7	0.15789473684210525
Propionibacteriaceae	31957	3	3.338683387980161e-7	0.15789473684210525
Boseaceae	2831100	2	2.2257889253201073e-7	0.10526315789473684
