Taxon	TaxID	Fragments	PropTotal	PropNonHost
Comamonadaceae	80864	20	1.9081891942871486e-6	0.36363636363636365
Burkholderiaceae	119060	18	1.7173702748584338e-6	0.32727272727272727
Bradyrhizobiaceae	41294	7	6.67866218000502e-7	0.12727272727272726
Caulobacteraceae	76892	2	1.9081891942871488e-7	0.03636363636363636
Pseudomonadaceae	135621	2	1.9081891942871488e-7	0.03636363636363636
Xanthomonadaceae	32033	2	1.9081891942871488e-7	0.03636363636363636
Streptomycetaceae	2062	2	1.9081891942871488e-7	0.03636363636363636
Staphylococcaceae	90964	2	1.9081891942871488e-7	0.03636363636363636
