Taxon	TaxID	Fragments	PropTotal	PropNonHost
Burkholderiaceae	119060	25	4.362034941644697e-5	0.46296296296296297
Comamonadaceae	80864	19	3.315146555649969e-5	0.35185185185185186
Pseudomonadaceae	135621	3	5.234441929973636e-6	0.05555555555555555
Pseudonocardiaceae	2070	3	5.234441929973636e-6	0.05555555555555555
Rhodobacteraceae	31989	2	3.4896279533157575e-6	0.037037037037037035
Xanthomonadaceae	32033	2	3.4896279533157575e-6	0.037037037037037035
