Taxon	TaxID	Fragments	PropTotal	PropNonHost
Comamonadaceae	80864	11	9.040628254626172e-7	0.2558139534883721
Burkholderiaceae	119060	10	8.218752958751066e-7	0.23255813953488372
Pseudonocardiaceae	2070	6	4.931251775250639e-7	0.13953488372093023
Propionibacteriaceae	31957	5	4.109376479375533e-7	0.11627906976744186
Caulobacteraceae	76892	4	3.287501183500426e-7	0.09302325581395349
Pseudomonadaceae	135621	3	2.4656258876253196e-7	0.06976744186046512
Nocardioidaceae	85015	2	1.643750591750213e-7	0.046511627906976744
Nocardiaceae	85025	2	1.643750591750213e-7	0.046511627906976744
