Taxon	TaxID	Fragments	PropTotal	PropNonHost
Pseudomonadaceae	135621	7	7.214129057264829e-7	0.3684210526315789
Propionibacteriaceae	31957	4	4.122359461294188e-7	0.21052631578947367
Xanthomonadaceae	32033	3	3.091769595970641e-7	0.15789473684210525
Caulobacteraceae	76892	3	3.091769595970641e-7	0.15789473684210525
Methylobacteriaceae	119045	2	2.061179730647094e-7	0.10526315789473684
