Taxon	TaxID	Fragments	PropTotal	PropNonHost
Phyllobacteriaceae	69277	11	9.665019220208676e-6	0.2972972972972973
Pseudomonadaceae	135621	5	4.393190554640308e-6	0.13513513513513514
Propionibacteriaceae	31957	4	3.514552443712246e-6	0.10810810810810811
Nocardioidaceae	85015	4	3.514552443712246e-6	0.10810810810810811
Micrococcaceae	1268	3	2.6359143327841843e-6	0.08108108108108109
Pseudonocardiaceae	2070	3	2.6359143327841843e-6	0.08108108108108109
Pirellulaceae	2691357	3	2.6359143327841843e-6	0.08108108108108109
Xanthomonadaceae	32033	2	1.757276221856123e-6	0.05405405405405406
Streptomycetaceae	2062	2	1.757276221856123e-6	0.05405405405405406
