Taxon	TaxID	Fragments	PropTotal	PropNonHost
Comamonadaceae	80864	18	1.3268437895012454e-6	0.32727272727272727
Burkholderiaceae	119060	15	1.1057031579177045e-6	0.2727272727272727
Xanthomonadaceae	32033	9	6.634218947506227e-7	0.16363636363636364
Pseudomonadaceae	135621	3	2.211406315835409e-7	0.05454545454545454
Yersiniaceae	1903411	3	2.211406315835409e-7	0.05454545454545454
Streptomycetaceae	2062	3	2.211406315835409e-7	0.05454545454545454
Bacillaceae	186817	2	1.474270877223606e-7	0.03636363636363636
Streptococcaceae	1300	2	1.474270877223606e-7	0.03636363636363636
