Taxon	TaxID	Fragments	PropTotal	PropNonHost
Comamonadaceae	80864	12	1.1006050209234187e-6	0.5
Burkholderiaceae	119060	5	4.5858542538475773e-7	0.20833333333333334
Streptomycetaceae	2062	3	2.7515125523085467e-7	0.125
Xanthomonadaceae	32033	2	1.8343417015390312e-7	0.08333333333333333
Staphylococcaceae	90964	2	1.8343417015390312e-7	0.08333333333333333
