Taxon	TaxID	Fragments	PropTotal	PropNonHost
Burkholderiaceae	119060	9	7.725283427773493e-7	0.34615384615384615
Comamonadaceae	80864	6	5.150188951848995e-7	0.23076923076923078
Iamiaceae	633392	5	4.291824126540829e-7	0.19230769230769232
Phyllobacteriaceae	69277	2	1.7167296506163317e-7	0.07692307692307693
Pseudonocardiaceae	2070	2	1.7167296506163317e-7	0.07692307692307693
Streptomycetaceae	2062	2	1.7167296506163317e-7	0.07692307692307693
