Taxon	TaxID	Fragments	PropTotal	PropNonHost
Burkholderiaceae	119060	19	2.7352612606387268e-5	0.4318181818181818
Comamonadaceae	80864	11	1.5835723087908418e-5	0.25
Rhodobacteraceae	31989	7	1.0077278328668993e-5	0.1590909090909091
Rhizobiaceae	82115	3	4.318833569429569e-6	0.06818181818181818
Sphingomonadaceae	41297	2	2.8792223796197125e-6	0.045454545454545456
Xanthomonadaceae	32033	2	2.8792223796197125e-6	0.045454545454545456
