Taxon	TaxID	Fragments	PropTotal	PropNonHost
Boseaceae	2831100	2	1.9131533598081872e-7	0.3333333333333333
Micrococcaceae	1268	2	1.9131533598081872e-7	0.3333333333333333
Jiangellaceae	1217100	2	1.9131533598081872e-7	0.3333333333333333
