Taxon	TaxID	Fragments	PropTotal	PropNonHost
Comamonadaceae	80864	17	1.7271808172389714e-6	0.30357142857142855
Burkholderiaceae	119060	17	1.7271808172389714e-6	0.30357142857142855
Propionibacteriaceae	31957	7	7.111921012160471e-7	0.125
Pseudomonadaceae	135621	3	3.047966148068773e-7	0.05357142857142857
Xanthomonadaceae	32033	3	3.047966148068773e-7	0.05357142857142857
Methylococcaceae	403	3	3.047966148068773e-7	0.05357142857142857
Methylocystaceae	31993	2	2.0319774320458489e-7	0.03571428571428571
Sphingomonadaceae	41297	2	2.0319774320458489e-7	0.03571428571428571
Lactobacillaceae	33958	2	2.0319774320458489e-7	0.03571428571428571
