Taxon	TaxID	Fragments	PropTotal	PropNonHost
Comamonadaceae	80864	10	7.680722209092454e-7	0.3225806451612903
Burkholderiaceae	119060	8	6.144577767273964e-7	0.25806451612903225
Propionibacteriaceae	31957	6	4.6084333254554725e-7	0.1935483870967742
Oxalobacteraceae	75682	3	2.3042166627277362e-7	0.0967741935483871
Pseudomonadaceae	135621	2	1.536144441818491e-7	0.06451612903225806
Xanthomonadaceae	32033	2	1.536144441818491e-7	0.06451612903225806
