Taxon	TaxID	Fragments	PropTotal	PropNonHost
Comamonadaceae	80864	15	1.2705552546692482e-6	0.3
Burkholderiaceae	119060	7	5.929257855123158e-7	0.14
Pseudomonadaceae	135621	7	5.929257855123158e-7	0.14
Caulobacteraceae	76892	6	5.082221018676993e-7	0.12
Rhodobacteraceae	31989	6	5.082221018676993e-7	0.12
Streptomycetaceae	2062	5	4.2351841822308275e-7	0.1
Xanthomonadaceae	32033	2	1.694073672892331e-7	0.04
Micromonosporaceae	28056	2	1.694073672892331e-7	0.04
