Taxon	TaxID	Fragments	PropTotal	PropNonHost
Comamonadaceae	80864	11	2.1817583186973713e-6	0.2972972972972973
Burkholderiaceae	119060	10	1.9834166533612465e-6	0.2702702702702703
Xanthomonadaceae	32033	3	5.950249960083739e-7	0.08108108108108109
Nocardiopsaceae	83676	3	5.950249960083739e-7	0.08108108108108109
Chromobacteriaceae	1499392	2	3.966833306722493e-7	0.05405405405405406
Sphingomonadaceae	41297	2	3.966833306722493e-7	0.05405405405405406
Caulobacteraceae	76892	2	3.966833306722493e-7	0.05405405405405406
Labilitrichaceae	1524216	2	3.966833306722493e-7	0.05405405405405406
Pseudonocardiaceae	2070	2	3.966833306722493e-7	0.05405405405405406
