Taxon	TaxID	Fragments	PropTotal	PropNonHost
Comamonadaceae	80864	16	1.8670131220683518e-6	0.36363636363636365
Burkholderiaceae	119060	15	1.7503248019390799e-6	0.3409090909090909
Baculoviridae	10442	3	3.50064960387816e-7	0.06818181818181818
Xanthomonadaceae	32033	2	2.3337664025854397e-7	0.045454545454545456
Phyllobacteriaceae	69277	2	2.3337664025854397e-7	0.045454545454545456
Micromonosporaceae	28056	2	2.3337664025854397e-7	0.045454545454545456
Propionibacteriaceae	31957	2	2.3337664025854397e-7	0.045454545454545456
Bacillaceae	186817	2	2.3337664025854397e-7	0.045454545454545456
