Taxon	TaxID	Fragments	PropTotal	PropNonHost
Comamonadaceae	80864	19	2.3222046766757763e-5	0.2753623188405797
Brucellaceae	118882	14	1.71109818281373e-5	0.2028985507246377
Pseudomonadaceae	135621	12	1.4666555852689113e-5	0.17391304347826086
Alcaligenaceae	506	7	8.55549091406865e-6	0.10144927536231885
Burkholderiaceae	119060	5	6.111064938620464e-6	0.07246376811594203
Pseudonocardiaceae	2070	5	6.111064938620464e-6	0.07246376811594203
Weeksellaceae	2762318	3	3.666638963172278e-6	0.043478260869565216
Rhodobacteraceae	31989	2	2.4444259754481856e-6	0.028985507246376812
Streptomycetaceae	2062	2	2.4444259754481856e-6	0.028985507246376812
