Taxon	TaxID	Fragments	PropTotal	PropNonHost
Burkholderiaceae	119060	11	6.2564412906924626e-6	0.2391304347826087
Comamonadaceae	80864	8	4.55013912050361e-6	0.17391304347826086
Micromonosporaceae	28056	7	3.981371730440658e-6	0.15217391304347827
Moraxellaceae	468	6	3.412604340377707e-6	0.13043478260869565
Propionibacteriaceae	31957	4	2.275069560251805e-6	0.08695652173913043
Pseudomonadaceae	135621	3	1.7063021701888535e-6	0.06521739130434782
Nocardiopsaceae	83676	3	1.7063021701888535e-6	0.06521739130434782
Rhizobiaceae	82115	2	1.1375347801259024e-6	0.043478260869565216
Rhodobacteraceae	31989	2	1.1375347801259024e-6	0.043478260869565216
