Taxon	TaxID	Fragments	PropTotal	PropNonHost
Comamonadaceae	80864	12	2.837711291253228e-5	0.3157894736842105
Burkholderiaceae	119060	6	1.418855645626614e-5	0.15789473684210525
Bradyrhizobiaceae	41294	5	1.182379704688845e-5	0.13157894736842105
Hyphomicrobiaceae	45401	4	9.45903763751076e-6	0.10526315789473684
Xanthomonadaceae	32033	4	9.45903763751076e-6	0.10526315789473684
Rhodobacteraceae	31989	3	7.09427822813307e-6	0.07894736842105263
Micrococcaceae	1268	2	4.72951881875538e-6	0.05263157894736842
Mycobacteriaceae	1762	2	4.72951881875538e-6	0.05263157894736842
