Taxon	TaxID	Fragments	PropTotal	PropNonHost
Comamonadaceae	80864	11	1.2209831956082789e-6	0.2894736842105263
Burkholderiaceae	119060	11	1.2209831956082789e-6	0.2894736842105263
Micrococcaceae	1268	4	4.439938893121014e-7	0.10526315789473684
Kaistiaceae	2831111	3	3.329954169840761e-7	0.07894736842105263
Sphingomonadaceae	41297	3	3.329954169840761e-7	0.07894736842105263
Caulobacteraceae	76892	2	2.219969446560507e-7	0.05263157894736842
Pseudomonadaceae	135621	2	2.219969446560507e-7	0.05263157894736842
Streptomycetaceae	2062	2	2.219969446560507e-7	0.05263157894736842
