Taxon	TaxID	Fragments	PropTotal	PropNonHost
Caulobacteraceae	76892	9	6.097019018363679e-7	0.2727272727272727
Enterobacteriaceae	543	7	4.7421259031717507e-7	0.21212121212121213
Streptomycetaceae	2062	5	3.387232787979822e-7	0.15151515151515152
Comamonadaceae	80864	4	2.709786230383857e-7	0.12121212121212122
Staphylococcaceae	90964	4	2.709786230383857e-7	0.12121212121212122
Rhizobiaceae	82115	2	1.3548931151919286e-7	0.06060606060606061
Brevibacteriaceae	85019	2	1.3548931151919286e-7	0.06060606060606061
