Taxon	TaxID	Fragments	PropTotal	PropNonHost
Propionibacteriaceae	31957	6	6.244448945073202e-7	0.375
Pseudomonadaceae	135621	5	5.203707454227668e-7	0.3125
Weeksellaceae	2762318	3	3.122224472536601e-7	0.1875
Intrasporangiaceae	85021	2	2.0814829816910675e-7	0.125
