Taxon	TaxID	Fragments	PropTotal	PropNonHost
Pseudomonadaceae	135621	11	1.0435274262724158e-6	0.3793103448275862
Comamonadaceae	80864	8	7.589290372890296e-7	0.27586206896551724
Methylobacteriaceae	119045	4	3.794645186445148e-7	0.13793103448275862
Corynebacteriaceae	1653	4	3.794645186445148e-7	0.13793103448275862
Burkholderiaceae	119060	2	1.897322593222574e-7	0.06896551724137931
