Taxon	TaxID	Fragments	PropTotal	PropNonHost
Pseudomonadaceae	135621	5	3.726701593313999e-7	0.25
Alcaligenaceae	506	3	2.2360209559883995e-7	0.15
Sphingomonadaceae	41297	3	2.2360209559883995e-7	0.15
Intrasporangiaceae	85021	3	2.2360209559883995e-7	0.15
Halomonadaceae	28256	2	1.4906806373255998e-7	0.1
Comamonadaceae	80864	2	1.4906806373255998e-7	0.1
Propionibacteriaceae	31957	2	1.4906806373255998e-7	0.1
