Taxon	TaxID	Fragments	PropTotal	PropNonHost
Pseudomonadaceae	135621	4	4.481997106198568e-7	0.4
Sphingomonadaceae	41297	2	2.240998553099284e-7	0.2
Microbacteriaceae	85023	2	2.240998553099284e-7	0.2
Streptomycetaceae	2062	2	2.240998553099284e-7	0.2
