Taxon	TaxID	Fragments	PropTotal	PropNonHost
Clostridiaceae	31979	9	5.819412006610852e-7	0.3
Enterobacteriaceae	543	8	5.17281067254298e-7	0.26666666666666666
Propionibacteriaceae	31957	6	3.8796080044072345e-7	0.2
Oxalobacteraceae	75682	3	1.9398040022036172e-7	0.1
Microbacteriaceae	85023	2	1.293202668135745e-7	0.06666666666666667
Halomonadaceae	28256	2	1.293202668135745e-7	0.06666666666666667
