Taxon	TaxID	Fragments	PropTotal	PropNonHost
Sphingomonadaceae	41297	4	4.742103656458301e-7	0.3333333333333333
Pseudomonadaceae	135621	3	3.5565777423437256e-7	0.25
Propionibacteriaceae	31957	3	3.5565777423437256e-7	0.25
Corynebacteriaceae	1653	2	2.3710518282291504e-7	0.16666666666666666
