Taxon	TaxID	Fragments	PropTotal	PropNonHost
Propionibacteriaceae	31957	14	1.1034067921150865e-6	0.45161290322580644
Corynebacteriaceae	1653	8	6.305181669229066e-7	0.25806451612903225
Xanthomonadaceae	32033	3	2.3644431259608998e-7	0.0967741935483871
Geodermatophilaceae	85030	2	1.5762954173072666e-7	0.06451612903225806
Streptococcaceae	1300	2	1.5762954173072666e-7	0.06451612903225806
Pseudomonadaceae	135621	2	1.5762954173072666e-7	0.06451612903225806
