Taxon	TaxID	Fragments	PropTotal	PropNonHost
Comamonadaceae	80864	6	5.250089317144507e-7	0.46153846153846156
Pseudonocardiaceae	2070	3	2.6250446585722537e-7	0.23076923076923078
Moraxellaceae	468	2	1.7500297723815027e-7	0.15384615384615385
Xanthomonadaceae	32033	2	1.7500297723815027e-7	0.15384615384615385
