Taxon	TaxID	Fragments	PropTotal	PropNonHost
Pseudomonadaceae	135621	14	1.4005329027695037e-6	0.3783783783783784
Caulobacteraceae	76892	6	6.002283869012159e-7	0.16216216216216217
Pseudonocardiaceae	2070	5	5.001903224176799e-7	0.13513513513513514
Hyphomicrobiaceae	45401	4	4.0015225793414396e-7	0.10810810810810811
Burkholderiaceae	119060	3	3.0011419345060794e-7	0.08108108108108109
Oxalobacteraceae	75682	3	3.0011419345060794e-7	0.08108108108108109
Xanthomonadaceae	32033	2	2.0007612896707198e-7	0.05405405405405406
