Taxon	TaxID	Fragments	PropTotal	PropNonHost
Sphingomonadaceae	41297	7	1.0159589738349926e-6	0.2
Comamonadaceae	80864	6	8.708219775728508e-7	0.17142857142857143
Corynebacteriaceae	1653	5	7.25684981310709e-7	0.14285714285714285
Boseaceae	2831100	4	5.805479850485672e-7	0.11428571428571428
Enterobacteriaceae	543	4	5.805479850485672e-7	0.11428571428571428
Xanthomonadaceae	32033	3	4.354109887864254e-7	0.08571428571428572
Rhodanobacteraceae	1775411	2	2.902739925242836e-7	0.05714285714285714
Nocardiaceae	85025	2	2.902739925242836e-7	0.05714285714285714
Aerococcaceae	186827	2	2.902739925242836e-7	0.05714285714285714
