Taxon	TaxID	Fragments	PropTotal	PropNonHost
Comamonadaceae	80864	3	2.398200582139209e-7	0.42857142857142855
Microbacteriaceae	85023	2	1.5988003880928061e-7	0.2857142857142857
Pseudomonadaceae	135621	2	1.5988003880928061e-7	0.2857142857142857
