Taxon	TaxID	Fragments	PropTotal	PropNonHost
Xanthomonadaceae	32033	3	1.9279634452989535e-7	0.25
Sutterellaceae	995019	3	1.9279634452989535e-7	0.25
Pseudomonadaceae	135621	2	1.2853089635326358e-7	0.16666666666666666
Corynebacteriaceae	1653	2	1.2853089635326358e-7	0.16666666666666666
Actinomycetaceae	2049	2	1.2853089635326358e-7	0.16666666666666666
