Taxon	TaxID	Fragments	PropTotal	PropNonHost
Ralstonia	48736	8	2.2095358041467464e-5	0.26666666666666666
Delftia	80865	6	1.6571518531100596e-5	0.2
Pseudomonas	286	3	8.285759265550298e-6	0.1
Magnetospirillum	13134	3	8.285759265550298e-6	0.1
Bordetella	517	2	5.523839510366866e-6	0.06666666666666667
Luteimonas	83614	2	5.523839510366866e-6	0.06666666666666667
Corynebacterium	1716	2	5.523839510366866e-6	0.06666666666666667
Cutibacterium	1912216	2	5.523839510366866e-6	0.06666666666666667
Prevotella	838	2	5.523839510366866e-6	0.06666666666666667
