Taxon	TaxID	Fragments	PropTotal	PropNonHost
Phyllobacterium	28100	11	9.665019220208676e-6	0.3235294117647059
Pseudomonas	286	5	4.393190554640308e-6	0.14705882352941177
Cutibacterium	1912216	4	3.514552443712246e-6	0.11764705882352941
Nocardioides	1839	4	3.514552443712246e-6	0.11764705882352941
Arthrobacter	1663	3	2.6359143327841843e-6	0.08823529411764706
Rhodopirellula	265488	3	2.6359143327841843e-6	0.08823529411764706
Luteimonas	83614	2	1.757276221856123e-6	0.058823529411764705
Streptomyces	1883	2	1.757276221856123e-6	0.058823529411764705
