Taxon	TaxID	Fragments	PropTotal	PropNonHost
Delftia	80865	10	9.171708507695155e-7	0.5
Ralstonia	48736	5	4.5858542538475773e-7	0.25
Streptomyces	1883	3	2.7515125523085467e-7	0.15
Staphylococcus	1279	2	1.8343417015390312e-7	0.1
