Taxon	TaxID	Fragments	PropTotal	PropNonHost
Delftia	80865	14	1.1647245854807596e-6	0.5
Ralstonia	48736	9	7.487515192376312e-7	0.32142857142857145
Cutibacterium	1912216	3	2.495838397458771e-7	0.10714285714285714
Staphylococcus	1279	2	1.6638922649725137e-7	0.07142857142857142
