Taxon	TaxID	Fragments	PropTotal	PropNonHost
Delftia	80865	11	2.601235350315459e-5	0.39285714285714285
Ralstonia	48736	5	1.182379704688845e-5	0.17857142857142858
Bradyrhizobium	374	4	9.45903763751076e-6	0.14285714285714285
Hyphomicrobium	81	3	7.09427822813307e-6	0.10714285714285714
Paracoccus	265	3	7.09427822813307e-6	0.10714285714285714
Mycobacterium	1763	2	4.72951881875538e-6	0.07142857142857142
