Taxon	TaxID	Fragments	PropTotal	PropNonHost
Ralstonia	48736	17	1.346490179294672e-6	0.5666666666666667
Delftia	80865	6	4.7523182798635484e-7	0.2
Cupriavidus	106589	3	2.3761591399317742e-7	0.1
Caballeronia	1827195	2	1.5841060932878493e-7	0.06666666666666667
Pseudomonas	286	2	1.5841060932878493e-7	0.06666666666666667
