Taxon	TaxID	Fragments	PropTotal	PropNonHost
Delftia	80865	29	1.3788654352859462e-6	0.4393939393939394
Ralstonia	48736	14	6.656591756552845e-7	0.21212121212121213
Cutibacterium	1912216	7	3.328295878276422e-7	0.10606060606060606
Lichenicola	2804525	5	2.3773541987688727e-7	0.07575757575757576
Halopseudomonas	2901189	4	1.9018833590150982e-7	0.06060606060606061
Hypericibacter	2705399	3	1.4264125192613238e-7	0.045454545454545456
Paracoccus	265	2	9.509416795075491e-8	0.030303030303030304
Xanthomonas	338	2	9.509416795075491e-8	0.030303030303030304
