Taxon	TaxID	Fragments	PropTotal	PropNonHost
Delftia	80865	22	3.177422965546625e-5	0.4489795918367347
Ralstonia	48736	10	1.4442831661575568e-5	0.20408163265306123
Achromobacter	222	6	8.665698996945341e-6	0.12244897959183673
Roseobacter	2433	3	4.332849498472671e-6	0.061224489795918366
Janthinobacterium	29580	2	2.8885663323151136e-6	0.04081632653061224
Tepidimonas	114248	2	2.8885663323151136e-6	0.04081632653061224
Methylobacterium	407	2	2.8885663323151136e-6	0.04081632653061224
Pseudomonas	286	2	2.8885663323151136e-6	0.04081632653061224
