Taxon	TaxID	Fragments	PropTotal	PropNonHost
Delftia	80865	16	1.8670131220683518e-6	0.38095238095238093
Ralstonia	48736	15	1.7503248019390799e-6	0.35714285714285715
Alphabaculovirus	558016	3	3.50064960387816e-7	0.07142857142857142
Phyllobacterium	28100	2	2.3337664025854397e-7	0.047619047619047616
Actinoplanes	1865	2	2.3337664025854397e-7	0.047619047619047616
Cutibacterium	1912216	2	2.3337664025854397e-7	0.047619047619047616
Bacillus	1386	2	2.3337664025854397e-7	0.047619047619047616
