Taxon	TaxID	Fragments	PropTotal	PropNonHost
Ralstonia	48736	21	3.664109350981545e-5	0.4117647058823529
Delftia	80865	19	3.315146555649969e-5	0.37254901960784315
Burkholderia	32008	3	5.234441929973636e-6	0.058823529411764705
Pseudomonas	286	3	5.234441929973636e-6	0.058823529411764705
Pseudonocardia	1847	3	5.234441929973636e-6	0.058823529411764705
Paracoccus	265	2	3.4896279533157575e-6	0.0392156862745098
