Taxon	TaxID	Fragments	PropTotal	PropNonHost
Delftia	80865	11	1.2241839089260591e-6	0.5789473684210527
Ralstonia	48736	3	3.338683387980161e-7	0.15789473684210525
Cutibacterium	1912216	3	3.338683387980161e-7	0.15789473684210525
Bosea	85413	2	2.2257889253201073e-7	0.10526315789473684
