Taxon	TaxID	Fragments	PropTotal	PropNonHost
Pseudomonas	286	7	7.214129057264829e-7	0.3888888888888889
Cutibacterium	1912216	4	4.122359461294188e-7	0.2222222222222222
Lysobacter	68	3	3.091769595970641e-7	0.16666666666666666
Methylobacterium	407	2	2.061179730647094e-7	0.1111111111111111
Brevundimonas	41275	2	2.061179730647094e-7	0.1111111111111111
