Taxon	TaxID	Fragments	PropTotal	PropNonHost
Delftia	80865	5	6.209082148640459e-6	0.22727272727272727
Cellulomonas	1707	4	4.967265718912367e-6	0.18181818181818182
Pseudomonas	286	3	3.7254492891842757e-6	0.13636363636363635
Paraburkholderia	1822464	2	2.4836328594561837e-6	0.09090909090909091
Bradyrhizobium	374	2	2.4836328594561837e-6	0.09090909090909091
Sphingomonas	13687	2	2.4836328594561837e-6	0.09090909090909091
Aeromicrobium	2040	2	2.4836328594561837e-6	0.09090909090909091
Corynebacterium	1716	2	2.4836328594561837e-6	0.09090909090909091
