Taxon	TaxID	Fragments	PropTotal	PropNonHost
Delftia	80865	10	7.680722209092454e-7	0.37037037037037035
Ralstonia	48736	8	6.144577767273964e-7	0.2962962962962963
Cutibacterium	1912216	3	2.3042166627277362e-7	0.1111111111111111
Herbaspirillum	963	2	1.536144441818491e-7	0.07407407407407407
Pseudomonas	286	2	1.536144441818491e-7	0.07407407407407407
Stenotrophomonas	40323	2	1.536144441818491e-7	0.07407407407407407
