Taxon	TaxID	Fragments	PropTotal	PropNonHost
Ralstonia	48736	17	1.7271808172389714e-6	0.3269230769230769
Delftia	80865	14	1.4223842024320942e-6	0.2692307692307692
Cutibacterium	1912216	7	7.111921012160471e-7	0.1346153846153846
Pseudomonas	286	3	3.047966148068773e-7	0.057692307692307696
Methylomonas	416	3	3.047966148068773e-7	0.057692307692307696
Thermomonas	141948	2	2.0319774320458489e-7	0.038461538461538464
Methylocystis	133	2	2.0319774320458489e-7	0.038461538461538464
Sphingopyxis	165697	2	2.0319774320458489e-7	0.038461538461538464
Lacticaseibacillus	2759736	2	2.0319774320458489e-7	0.038461538461538464
