Taxon	TaxID	Fragments	PropTotal	PropNonHost
Delftia	80865	14	1.1858515710246316e-6	0.3181818181818182
Pseudomonas	286	7	5.929257855123158e-7	0.1590909090909091
Ralstonia	48736	6	5.082221018676993e-7	0.13636363636363635
Brevundimonas	41275	6	5.082221018676993e-7	0.13636363636363635
Streptomyces	1883	6	5.082221018676993e-7	0.13636363636363635
Polymorphum	991903	5	4.2351841822308275e-7	0.11363636363636363
