Taxon	TaxID	Fragments	PropTotal	PropNonHost
Delftia	80865	17	1.253130245640065e-6	0.3333333333333333
Ralstonia	48736	14	1.031989614056524e-6	0.27450980392156865
Stenotrophomonas	40323	9	6.634218947506227e-7	0.17647058823529413
Pseudomonas	286	3	2.211406315835409e-7	0.058823529411764705
Serratia	613	3	2.211406315835409e-7	0.058823529411764705
Streptomyces	1883	3	2.211406315835409e-7	0.058823529411764705
Lactococcus	1357	2	1.474270877223606e-7	0.0392156862745098
