Taxon	TaxID	Fragments	PropTotal	PropNonHost
Ralstonia	48736	20	1.3755518628101602e-6	0.425531914893617
Delftia	80865	18	1.2379966765291443e-6	0.3829787234042553
Pseudomonas	286	4	2.7511037256203204e-7	0.0851063829787234
Pseudonocardia	1847	3	2.0633277942152403e-7	0.06382978723404255
Streptomyces	1883	2	1.3755518628101602e-7	0.0425531914893617
