Taxon	TaxID	Fragments	PropTotal	PropNonHost
Delftia	80865	19	1.8127797345727912e-6	0.38
Ralstonia	48736	18	1.7173702748584338e-6	0.36
Bradyrhizobium	374	7	6.67866218000502e-7	0.14
Pseudomonas	286	2	1.9081891942871488e-7	0.04
Streptomyces	1883	2	1.9081891942871488e-7	0.04
Staphylococcus	1279	2	1.9081891942871488e-7	0.04
