Taxon	TaxID	Fragments	PropTotal	PropNonHost
Delftia	80865	22	1.8555911491675986e-6	0.3793103448275862
Ralstonia	48736	11	9.277955745837993e-7	0.1896551724137931
Pseudomonas	286	6	5.060703134093451e-7	0.10344827586206896
Acinetobacter	469	5	4.2172526117445424e-7	0.08620689655172414
Nocardioides	1839	4	3.373802089395634e-7	0.06896551724137931
Shinella	323620	3	2.5303515670467254e-7	0.05172413793103448
Cutibacterium	1912216	3	2.5303515670467254e-7	0.05172413793103448
Sphingobium	165695	2	1.686901044697817e-7	0.034482758620689655
Egicoccus	1755825	2	1.686901044697817e-7	0.034482758620689655
