Taxon	TaxID	Fragments	PropTotal	PropNonHost
Ralstonia	48736	11	6.2564412906924626e-6	0.2619047619047619
Actinoplanes	1865	7	3.981371730440658e-6	0.16666666666666666
Delftia	80865	5	2.843836950314756e-6	0.11904761904761904
Acinetobacter	469	5	2.843836950314756e-6	0.11904761904761904
Cutibacterium	1912216	4	2.275069560251805e-6	0.09523809523809523
Pseudomonas	286	3	1.7063021701888535e-6	0.07142857142857142
Nocardiopsis	2013	3	1.7063021701888535e-6	0.07142857142857142
Variovorax	34072	2	1.1375347801259024e-6	0.047619047619047616
Cereibacter	1653176	2	1.1375347801259024e-6	0.047619047619047616
