Taxon	TaxID	Fragments	PropTotal	PropNonHost
Delftia	80865	18	2.199983377903367e-5	0.26865671641791045
Brucella	234	14	1.71109818281373e-5	0.208955223880597
Pseudomonas	286	12	1.4666555852689113e-5	0.1791044776119403
Achromobacter	222	6	7.333277926344556e-6	0.08955223880597014
Ralstonia	48736	5	6.111064938620464e-6	0.07462686567164178
Amycolatopsis	1813	5	6.111064938620464e-6	0.07462686567164178
Chryseobacterium	59732	3	3.666638963172278e-6	0.04477611940298507
Paracoccus	265	2	2.4444259754481856e-6	0.029850746268656716
Streptomyces	1883	2	2.4444259754481856e-6	0.029850746268656716
