Taxon	TaxID	Fragments	PropTotal	PropNonHost
Ralstonia	48736	27	2.659791925462779e-5	0.42857142857142855
Delftia	80865	9	8.86597308487593e-6	0.14285714285714285
Nocardia	1817	7	6.89575684379239e-6	0.1111111111111111
Acinetobacter	469	5	4.92554060270885e-6	0.07936507936507936
Pseudomonas	286	4	3.94043248216708e-6	0.06349206349206349
Sinorhizobium	28105	4	3.94043248216708e-6	0.06349206349206349
Methylomonas	416	3	2.9553243616253103e-6	0.047619047619047616
Methylobacterium	407	2	1.97021624108354e-6	0.031746031746031744
Geobacter	28231	2	1.97021624108354e-6	0.031746031746031744
