Taxon	TaxID	Fragments	PropTotal	PropNonHost
Delftia	80865	11	1.2209831956082789e-6	0.3142857142857143
Ralstonia	48736	9	9.98986250952228e-7	0.2571428571428571
Kaistia	166953	5	5.549923616401267e-7	0.14285714285714285
Sinomonas	596707	4	4.439938893121014e-7	0.11428571428571428
Brevundimonas	41275	2	2.219969446560507e-7	0.05714285714285714
Pseudomonas	286	2	2.219969446560507e-7	0.05714285714285714
Streptomyces	1883	2	2.219969446560507e-7	0.05714285714285714
