Taxon	TaxID	Fragments	PropTotal	PropNonHost
Ralstonia	48736	9	1.785074988025122e-6	0.3103448275862069
Delftia	80865	8	1.5867333226889973e-6	0.27586206896551724
Thermobifida	83677	4	7.933666613444987e-7	0.13793103448275862
Laribacter	168470	2	3.966833306722493e-7	0.06896551724137931
Luteimonas	83614	2	3.966833306722493e-7	0.06896551724137931
Brevundimonas	41275	2	3.966833306722493e-7	0.06896551724137931
Labilithrix	1524217	2	3.966833306722493e-7	0.06896551724137931
