Taxon	TaxID	Fragments	PropTotal	PropNonHost
Ralstonia	48736	15	2.1594167847147843e-5	0.4166666666666667
Delftia	80865	10	1.4396111898098562e-5	0.2777777777777778
Cupriavidus	106589	4	5.758444759239425e-6	0.1111111111111111
Sinorhizobium	28105	3	4.318833569429569e-6	0.08333333333333333
Sphingopyxis	165697	2	2.8792223796197125e-6	0.05555555555555555
Stenotrophomonas	40323	2	2.8792223796197125e-6	0.05555555555555555
