Taxon	TaxID	Fragments	PropTotal	PropNonHost
Ralstonia	48736	9	7.725283427773493e-7	0.34615384615384615
Actinomarinicola	2789775	5	4.291824126540829e-7	0.19230769230769232
Delftia	80865	4	3.4334593012326634e-7	0.15384615384615385
Rhodoferax	28065	2	1.7167296506163317e-7	0.07692307692307693
Mesorhizobium	68287	2	1.7167296506163317e-7	0.07692307692307693
Pseudonocardia	1847	2	1.7167296506163317e-7	0.07692307692307693
Streptomyces	1883	2	1.7167296506163317e-7	0.07692307692307693
