Taxon	TaxID	Fragments	PropTotal	PropNonHost
Bosea	85413	2	1.9131533598081872e-7	0.3333333333333333
Kocuria	57493	2	1.9131533598081872e-7	0.3333333333333333
Jiangella	281472	2	1.9131533598081872e-7	0.3333333333333333
