Taxon	TaxID	Fragments	PropTotal	PropNonHost
Proteobacteria	1224	271	1.842906313579418e-5	0.572938689217759
Actinobacteria	201174	165	1.1220647296701253e-5	0.3488372093023256
Firmicutes	1239	28	1.9041098442886972e-6	0.05919661733615222
Cyanobacteria	1117	4	2.7201569204124247e-7	0.008456659619450317
Euryarchaeota	28890	3	2.0401176903093187e-7	0.006342494714587738
Bacteroidetes	976	2	1.3600784602062124e-7	0.004228329809725159
