Taxon	TaxID	Fragments	PropTotal	PropNonHost
Proteobacteria	1224	38	3.1613953034477763e-6	0.76
Actinobacteria	201174	8	6.655569059890055e-7	0.16
Firmicutes	1239	2	1.6638922649725137e-7	0.04
Bacteroidetes	976	2	1.6638922649725137e-7	0.04
