Taxon	TaxID	Fragments	PropTotal	PropNonHost
Proteobacteria	1224	65	0.00010803856810668227	0.7738095238095238
Actinobacteria	201174	19	3.158050452349174e-5	0.2261904761904762
