Taxon	TaxID	Fragments	PropTotal	PropNonHost
Proteobacteria	1224	38	3.367161193360915e-6	0.6129032258064516
Actinobacteria	201174	17	1.5063615865035673e-6	0.27419354838709675
Firmicutes	1239	7	6.202665356191159e-7	0.11290322580645161
