Taxon	TaxID	Fragments	PropTotal	PropNonHost
Proteobacteria	1224	71	8.804000140864002e-6	0.7717391304347826
Actinobacteria	201174	16	1.9840000317440005e-6	0.17391304347826086
Deinococcus-Thermus	1297	5	6.200000099200002e-7	0.05434782608695652
