Taxon	TaxID	Fragments	PropTotal	PropNonHost
Proteobacteria	1224	869	0.00041572661741095607	0.6171875
Actinobacteria	201174	477	0.00022819516283662374	0.3387784090909091
Firmicutes	1239	24	1.1481517626999937e-5	0.017045454545454544
Deinococcus-Thermus	1297	9	4.305569110124976e-6	0.006392045454545455
Bacteroidetes	976	9	4.305569110124976e-6	0.006392045454545455
Acidobacteria	57723	8	3.827172542333313e-6	0.005681818181818182
Planctomycetes	203682	6	2.8703794067499843e-6	0.004261363636363636
Euryarchaeota	28890	4	1.9135862711666563e-6	0.002840909090909091
Pisuviricota	2732408	2	9.567931355833282e-7	0.0014204545454545455
