Taxon	TaxID	Fragments	PropTotal	PropNonHost
Proteobacteria	1224	424	0.0004233078915972385	0.5745257452574526
Actinobacteria	201174	270	0.0002695592705925811	0.36585365853658536
Firmicutes	1239	27	2.6955927059258114e-5	0.036585365853658534
Bacteroidetes	976	8	7.986941350891293e-6	0.01084010840108401
Planctomycetes	203682	7	6.988573682029881e-6	0.009485094850948509
Chloroflexi	200795	2	1.9967353377228232e-6	0.0027100271002710027
