Taxon	TaxID	Fragments	PropTotal	PropNonHost
Proteobacteria	1224	436	6.40562660838526e-5	0.6770186335403726
Actinobacteria	201174	157	2.3066132511846e-5	0.24378881987577639
Firmicutes	1239	30	4.407541244301784e-6	0.046583850931677016
Bacteroidetes	976	6	8.815082488603568e-7	0.009316770186335404
Pisuviricota	2732408	6	8.815082488603568e-7	0.009316770186335404
Euryarchaeota	28890	5	7.345902073836306e-7	0.007763975155279503
Deinococcus-Thermus	1297	2	2.938360829534522e-7	0.003105590062111801
Planctomycetes	203682	2	2.938360829534522e-7	0.003105590062111801
