Taxon	TaxID	Fragments	PropTotal	PropNonHost
Proteobacteria	1224	19	2.3594512164833745e-5	0.6129032258064516
Actinobacteria	201174	12	1.4901797156737103e-5	0.3870967741935484
