Taxon	TaxID	Fragments	PropTotal	PropNonHost
Proteobacteria	1224	184	0.0002540878453488806	0.8401826484018264
Actinobacteria	201174	35	4.833192710440663e-5	0.1598173515981735
