Taxon	TaxID	Fragments	PropTotal	PropNonHost
Proteobacteria	1224	76	0.00012338683884542388	0.7450980392156863
Actinobacteria	201174	21	3.409373178623555e-5	0.20588235294117646
Firmicutes	1239	5	8.11755518719894e-6	0.049019607843137254
