Taxon	TaxID	Fragments	PropTotal	PropNonHost
Proteobacteria	1224	72	4.1057410805626235e-5	0.6666666666666666
Actinobacteria	201174	32	1.824773813583388e-5	0.2962962962962963
Firmicutes	1239	2	1.1404836334896176e-6	0.018518518518518517
Bacteroidetes	976	2	1.1404836334896176e-6	0.018518518518518517
