Taxon	TaxID	Fragments	PropTotal	PropNonHost
Proteobacteria	1224	1004	0.00016855821780911587	0.5979749851101847
Actinobacteria	201174	584	9.804581593677657e-5	0.34782608695652173
Firmicutes	1239	48	8.058560213981636e-6	0.02858844550327576
Planctomycetes	203682	14	2.3504133957446436e-6	0.008338296605122097
Bacteroidetes	976	12	2.014640053495409e-6	0.00714711137581894
Deinococcus-Thermus	1297	8	1.3430933689969393e-6	0.004764740917212627
Euryarchaeota	28890	5	8.39433355623087e-7	0.0029779630732578916
Cyanobacteria	1117	2	3.3577334224923483e-7	0.0011911852293031567
Gemmatimonadetes	142182	2	3.3577334224923483e-7	0.0011911852293031567
