Taxon	TaxID	Fragments	PropTotal	PropNonHost
Proteobacteria	1224	55	4.65870260045391e-6	0.7857142857142857
Actinobacteria	201174	13	1.101147887380015e-6	0.18571428571428572
Firmicutes	1239	2	1.694073672892331e-7	0.02857142857142857
