Taxon	TaxID	Fragments	PropTotal	PropNonHost
Proteobacteria	1224	39	9.222561696572991e-5	0.8297872340425532
Actinobacteria	201174	8	1.891807527502152e-5	0.1702127659574468
