Taxon	TaxID	Fragments	PropTotal	PropNonHost
Proteobacteria	1224	96	9.438710373270515e-6	0.7741935483870968
Actinobacteria	201174	26	2.5563173927607647e-6	0.20967741935483872
Firmicutes	1239	2	1.9663979944313575e-7	0.016129032258064516
