Taxon	TaxID	Fragments	PropTotal	PropNonHost
Proteobacteria	1224	101	0.00011413267641126184	0.7426470588235294
Actinobacteria	201174	28	3.164074197539932e-5	0.20588235294117646
Firmicutes	1239	7	7.91018549384983e-6	0.051470588235294115
