Taxon	TaxID	Fragments	PropTotal	PropNonHost
Proteobacteria	1224	91	8.24595789487038e-5	0.728
Actinobacteria	201174	29	2.627832735727923e-5	0.232
Firmicutes	1239	5	4.530746096082626e-6	0.04
