Taxon	TaxID	Fragments	PropTotal	PropNonHost
Proteobacteria	1224	93	0.0002068362724100429	0.6503496503496503
Actinobacteria	201174	50	0.00011120229699464673	0.34965034965034963
