Taxon	TaxID	Fragments	PropTotal	PropNonHost
Proteobacteria	1224	22	2.4483678178521183e-6	0.8148148148148148
Actinobacteria	201174	5	5.564472313300268e-7	0.18518518518518517
