Taxon	TaxID	Fragments	PropTotal	PropNonHost
Actinobacteria	201174	287	0.0003370344491483128	0.4864406779661017
Proteobacteria	1224	257	0.00030180436735580623	0.43559322033898307
Firmicutes	1239	31	3.640441785225678e-5	0.05254237288135593
Bacteroidetes	976	9	1.0569024537751969e-5	0.015254237288135594
Uroviricota	2731618	4	4.697344239000875e-6	0.006779661016949152
Planctomycetes	203682	2	2.3486721195004375e-6	0.003389830508474576
