Taxon	TaxID	Fragments	PropTotal	PropNonHost
Proteobacteria	1224	53	4.370311861331489e-6	0.5638297872340425
Actinobacteria	201174	35	2.8860550027660776e-6	0.3723404255319149
Bacteroidetes	976	4	3.298348574589803e-7	0.0425531914893617
Firmicutes	1239	2	1.6491742872949014e-7	0.02127659574468085
