Taxon	TaxID	Fragments	PropTotal	PropNonHost
Proteobacteria	1224	248	2.7753757472671223e-5	0.792332268370607
Actinobacteria	201174	56	6.266977493828986e-6	0.17891373801916932
Firmicutes	1239	9	1.0071928115082299e-6	0.02875399361022364
