Taxon	TaxID	Fragments	PropTotal	PropNonHost
Proteobacteria	1224	65	6.6073462508646725e-6	0.7386363636363636
Actinobacteria	201174	23	2.337984057998269e-6	0.26136363636363635
