Taxon	TaxID	Fragments	PropTotal	PropNonHost
Proteobacteria	1224	312	0.0002784396669433215	0.6328600405679513
Actinobacteria	201174	154	0.00013743496381176765	0.31237322515212984
Firmicutes	1239	11	9.816783129411975e-6	0.02231237322515213
Bacteroidetes	976	7	6.247043809625802e-6	0.014198782961460446
Deinococcus-Thermus	1297	6	5.354608979679259e-6	0.012170385395537525
Planctomycetes	203682	3	2.6773044898396293e-6	0.006085192697768763
