Taxon	TaxID	Fragments	PropTotal	PropNonHost
Proteobacteria	1224	115	8.823777425355256e-6	0.732484076433121
Actinobacteria	201174	40	3.0691399740366104e-6	0.25477707006369427
Firmicutes	1239	2	1.5345699870183052e-7	0.012738853503184714
