Taxon	TaxID	Fragments	PropTotal	PropNonHost
Proteobacteria	1224	33	2.6137750539249514e-6	0.8461538461538461
Actinobacteria	201174	6	4.7523182798635484e-7	0.15384615384615385
