Taxon	TaxID	Fragments	PropTotal	PropNonHost
Proteobacteria	1224	47	6.766172592106324e-5	0.94
Actinobacteria	201174	3	4.318833569429569e-6	0.06
