Taxon	TaxID	Fragments	PropTotal	PropNonHost
Proteobacteria	1224	46	3.1637692844633686e-6	0.8214285714285714
Actinobacteria	201174	10	6.877759314050801e-7	0.17857142857142858
