Taxon	TaxID	Fragments	PropTotal	PropNonHost
Proteobacteria	1224	127	0.00013959127235796038	0.7604790419161677
Actinobacteria	201174	36	3.956917956603602e-5	0.2155688622754491
Firmicutes	1239	4	4.396575507337335e-6	0.023952095808383235
