Taxon	TaxID	Fragments	PropTotal	PropNonHost
Proteobacteria	1224	102	0.00023866460135992025	0.8095238095238095
Actinobacteria	201174	22	5.147667872468868e-5	0.1746031746031746
Firmicutes	1239	2	4.679698065880789e-6	0.015873015873015872
