Taxon	TaxID	Fragments	PropTotal	PropNonHost
Proteobacteria	1224	126	1.2193692744685075e-5	0.7455621301775148
Actinobacteria	201174	32	3.096810855793035e-6	0.1893491124260355
Firmicutes	1239	9	8.70978053191791e-7	0.05325443786982249
Bacteroidetes	976	2	1.9355067848706468e-7	0.011834319526627219
