Taxon	TaxID	Fragments	PropTotal	PropNonHost
Proteobacteria	1224	22	2.017775871692934e-6	0.6666666666666666
Actinobacteria	201174	9	8.25453765692564e-7	0.2727272727272727
Firmicutes	1239	2	1.8343417015390312e-7	0.06060606060606061
