Taxon	TaxID	Fragments	PropTotal	PropNonHost
Proteobacteria	1224	153	0.0002580066373472196	0.8453038674033149
Actinobacteria	201174	23	3.8785311496640855e-5	0.1270718232044199
Firmicutes	1239	3	5.058953673474894e-6	0.016574585635359115
Bacteroidetes	976	2	3.372635782316596e-6	0.011049723756906077
