Taxon	TaxID	Fragments	PropTotal	PropNonHost
Proteobacteria	1224	204	0.00012706290361157619	0.6335403726708074
Actinobacteria	201174	98	6.104002232320817e-5	0.30434782608695654
Euryarchaeota	28890	11	6.851431077094794e-6	0.034161490683229816
Bacteroidetes	976	6	3.7371442238698878e-6	0.018633540372670808
Deinococcus-Thermus	1297	3	1.8685721119349439e-6	0.009316770186335404
