Taxon	TaxID	Fragments	PropTotal	PropNonHost
Proteobacteria	1224	102	0.00014910427797715196	0.8292682926829268
Actinobacteria	201174	16	2.338890634935717e-5	0.13008130081300814
Uroviricota	2731618	3	4.385419940504469e-6	0.024390243902439025
Firmicutes	1239	2	2.923613293669646e-6	0.016260162601626018
