Taxon	TaxID	Fragments	PropTotal	PropNonHost
Proteobacteria	1224	713	0.00041937476105049555	0.6099230111206159
Actinobacteria	201174	402	0.00023644972502426256	0.3438836612489307
Firmicutes	1239	26	1.529276828515131e-5	0.022241231822070145
Bacteroidetes	976	15	8.82275093374114e-6	0.01283147989734816
Planctomycetes	203682	5	2.9409169779137136e-6	0.00427715996578272
Euryarchaeota	28890	5	2.9409169779137136e-6	0.00427715996578272
Cyanobacteria	1117	3	1.7645501867482282e-6	0.0025662959794696323
