Taxon	TaxID	Fragments	PropTotal	PropNonHost
Proteobacteria	1224	50	2.9387917275363903e-6	0.7246376811594203
Actinobacteria	201174	16	9.404133528116449e-7	0.2318840579710145
Firmicutes	1239	3	1.763275036521834e-7	0.043478260869565216
