Taxon	TaxID	Fragments	PropTotal	PropNonHost
Proteobacteria	1224	32	2.6300009468003407e-6	0.5818181818181818
Actinobacteria	201174	19	1.5615630621627024e-6	0.34545454545454546
Firmicutes	1239	4	3.287501183500426e-7	0.07272727272727272
