Taxon	TaxID	Fragments	PropTotal	PropNonHost
Proteobacteria	1224	41	2.701345619316756e-6	0.47674418604651164
Actinobacteria	201174	36	2.3719132267171515e-6	0.4186046511627907
Firmicutes	1239	7	4.6120534963944614e-7	0.08139534883720931
Bacteroidetes	976	2	1.3177295703984176e-7	0.023255813953488372
