Taxon	TaxID	Fragments	PropTotal	PropNonHost
Proteobacteria	1224	61	2.995301746452421e-6	0.5350877192982456
Actinobacteria	201174	40	1.964132292755686e-6	0.3508771929824561
Firmicutes	1239	10	4.910330731889215e-7	0.08771929824561403
Bacteroidetes	976	3	1.4730992195667646e-7	0.02631578947368421
