Taxon	TaxID	Fragments	PropTotal	PropNonHost
Proteobacteria	1224	107	1.5755720946450573e-5	0.816793893129771
Actinobacteria	201174	24	3.5339934833160167e-6	0.183206106870229
