Taxon	TaxID	Fragments	PropTotal	PropNonHost
Proteobacteria	1224	108	2.6247631333547366e-5	0.8059701492537313
Actinobacteria	201174	23	5.589773339551753e-6	0.17164179104477612
Firmicutes	1239	3	7.291008703763157e-7	0.022388059701492536
