Taxon	TaxID	Fragments	PropTotal	PropNonHost
Proteobacteria	1224	121	0.0002706553662459206	0.7469135802469136
Actinobacteria	201174	41	9.170966955440285e-5	0.25308641975308643
