Taxon	TaxID	Fragments	PropTotal	PropNonHost
Proteobacteria	1224	68	4.708486194683856e-6	0.7083333333333334
Actinobacteria	201174	19	1.315606436749901e-6	0.19791666666666666
Firmicutes	1239	5	3.4621222019734235e-7	0.052083333333333336
Bacteroidetes	976	2	1.3848488807893694e-7	0.020833333333333332
Euryarchaeota	28890	2	1.3848488807893694e-7	0.020833333333333332
