Taxon	TaxID	Fragments	PropTotal	PropNonHost
Proteobacteria	1224	145	0.0001500322310620523	0.7178217821782178
Actinobacteria	201174	51	5.276995713217012e-5	0.2524752475247525
Firmicutes	1239	6	6.2082302508435435e-6	0.0297029702970297
