Taxon	TaxID	Fragments	PropTotal	PropNonHost
Proteobacteria	1224	338	0.0004412567200265276	0.6969072164948453
Actinobacteria	201174	133	0.00017363060285067506	0.27422680412371137
Firmicutes	1239	4	5.221973018065416e-6	0.008247422680412371
Deinococcus-Thermus	1297	3	3.916479763549062e-6	0.006185567010309278
Verrucomicrobia	74201	3	3.916479763549062e-6	0.006185567010309278
Bacteroidetes	976	2	2.610986509032708e-6	0.004123711340206186
Thaumarchaeota	651137	2	2.610986509032708e-6	0.004123711340206186
