Taxon	TaxID	Fragments	PropTotal	PropNonHost
Proteobacteria	1224	38	4.4341561649123354e-6	0.8260869565217391
Actinobacteria	201174	6	7.00129920775632e-7	0.13043478260869565
Firmicutes	1239	2	2.3337664025854397e-7	0.043478260869565216
