Taxon	TaxID	Fragments	PropTotal	PropNonHost
Proteobacteria	1224	63	0.00013269499318621742	0.8076923076923077
Actinobacteria	201174	15	3.1594045996718434e-5	0.19230769230769232
