Taxon	TaxID	Fragments	PropTotal	PropNonHost
Proteobacteria	1224	20	2.061179730647094e-6	0.6896551724137931
Actinobacteria	201174	9	9.275308787911923e-7	0.3103448275862069
