Taxon	TaxID	Fragments	PropTotal	PropNonHost
Proteobacteria	1224	911	0.00036772630506509685	0.663510560815732
Actinobacteria	201174	416	0.00016791892745014303	0.3029861616897305
Firmicutes	1239	13	5.2474664828169695e-6	0.009468317552804079
Bacteroidetes	976	11	4.440163946998974e-6	0.008011653313911144
Planctomycetes	203682	7	2.8255588753629834e-6	0.005098324836125273
Deinococcus-Thermus	1297	5	2.018256339544988e-6	0.003641660597232338
Euryarchaeota	28890	5	2.018256339544988e-6	0.003641660597232338
Nitrospirae	40117	3	1.2109538037269929e-6	0.0021849963583394027
Acidobacteria	57723	2	8.073025358179952e-7	0.0014566642388929353
