Taxon	TaxID	Fragments	PropTotal	PropNonHost
Proteobacteria	1224	70	6.89575684379239e-5	0.8433734939759037
Actinobacteria	201174	13	1.280640556704301e-5	0.1566265060240964
