Taxon	TaxID	Fragments	PropTotal	PropNonHost
Proteobacteria	1224	50	5.621337698489434e-5	0.47619047619047616
Actinobacteria	201174	41	4.609496912761336e-5	0.3904761904761905
Firmicutes	1239	9	1.011840785728098e-5	0.08571428571428572
Cyanobacteria	1117	3	3.3728026190936607e-6	0.02857142857142857
Bacteroidetes	976	2	2.2485350793957736e-6	0.01904761904761905
