Taxon	TaxID	Fragments	PropTotal	PropNonHost
Proteobacteria	1224	70	8.55549091406865e-5	0.7954545454545454
Actinobacteria	201174	15	1.8333194815861392e-5	0.17045454545454544
Bacteroidetes	976	3	3.666638963172278e-6	0.03409090909090909
