Taxon	TaxID	Fragments	PropTotal	PropNonHost
Proteobacteria	1224	37	2.841867217364208e-6	0.8809523809523809
Actinobacteria	201174	5	3.840361104546227e-7	0.11904761904761904
