Taxon	TaxID	Fragments	PropTotal	PropNonHost
Proteobacteria	1224	81	8.185250199351263e-6	0.7864077669902912
Actinobacteria	201174	17	1.717892017147796e-6	0.1650485436893204
Firmicutes	1239	3	3.0315741479078754e-7	0.02912621359223301
Bacteroidetes	976	2	2.0210494319385837e-7	0.019417475728155338
