Taxon	TaxID	Fragments	PropTotal	PropNonHost
Proteobacteria	1224	55	7.943557413866562e-5	0.9322033898305084
Actinobacteria	201174	4	5.777132664630227e-6	0.06779661016949153
