Taxon	TaxID	Fragments	PropTotal	PropNonHost
Proteobacteria	1224	58	0.00010119921064615696	0.8787878787878788
Actinobacteria	201174	8	1.395851181326303e-5	0.12121212121212122
