Taxon	TaxID	Fragments	PropTotal	PropNonHost
Proteobacteria	1224	811	0.0005064426246092398	0.6070359281437125
Actinobacteria	201174	472	0.00029474835858885474	0.3532934131736527
Firmicutes	1239	27	1.686060525826076e-5	0.020209580838323353
Bacteroidetes	976	12	7.493602337004782e-6	0.008982035928143712
Euryarchaeota	28890	6	3.746801168502391e-6	0.004491017964071856
Planctomycetes	203682	5	3.122334307085326e-6	0.0037425149700598802
Acidobacteria	57723	3	1.8734005842511956e-6	0.002245508982035928
