Taxon	TaxID	Fragments	PropTotal	PropNonHost
Proteobacteria	1224	53	5.384740194921499e-6	0.7794117647058824
Actinobacteria	201174	12	1.2191864592275093e-6	0.17647058823529413
Firmicutes	1239	3	3.047966148068773e-7	0.04411764705882353
