Taxon	TaxID	Fragments	PropTotal	PropNonHost
Proteobacteria	1224	40	2.2750695602518048e-5	0.7017543859649122
Actinobacteria	201174	17	9.66904563107017e-6	0.2982456140350877
