Taxon	TaxID	Fragments	PropTotal	PropNonHost
Proteobacteria	1224	24	2.1087314662273474e-5	0.5106382978723404
Actinobacteria	201174	20	1.757276221856123e-5	0.425531914893617
Planctomycetes	203682	3	2.6359143327841843e-6	0.06382978723404255
