Taxon	TaxID	Fragments	PropTotal	PropNonHost
Proteobacteria	1224	211	1.6820278591643652e-5	0.5844875346260388
Actinobacteria	201174	127	1.012405393904618e-5	0.3518005540166205
Bacteroidetes	976	11	8.768865616496692e-7	0.030470914127423823
Firmicutes	1239	10	7.971696014996993e-7	0.027700831024930747
Cyanobacteria	1117	2	1.5943392029993984e-7	0.00554016620498615
