Taxon	TaxID	Fragments	PropTotal	PropNonHost
Proteobacteria	1224	157	0.00028974166854291313	0.7658536585365854
Actinobacteria	201174	42	7.751051005606594e-5	0.2048780487804878
Bacteroidetes	976	4	7.381953338672946e-6	0.01951219512195122
Firmicutes	1239	2	3.690976669336473e-6	0.00975609756097561
