Taxon	TaxID	Fragments	PropTotal	PropNonHost
Proteobacteria	1224	10	9.565766799040936e-7	0.625
Actinobacteria	201174	6	5.739460079424561e-7	0.375
