Taxon	TaxID	Fragments	PropTotal	PropNonHost
Actinobacteria	201174	268	2.4108496148892634e-5	0.5234375
Proteobacteria	1224	199	1.7901457961304604e-5	0.388671875
Firmicutes	1239	37	3.3284117817501023e-6	0.072265625
Bacteroidetes	976	8	7.196566014594816e-7	0.015625
