Taxon	TaxID	Fragments	PropTotal	PropNonHost
Proteobacteria	1224	1208	0.0001775173145509826	0.6301512780386019
Actinobacteria	201174	634	9.31671998553998e-5	0.33072509128847155
Firmicutes	1239	41	6.025008192541628e-6	0.02138758476786646
Bacteroidetes	976	14	2.0573198706239703e-6	0.007303077725612937
Planctomycetes	203682	10	1.469514193302836e-6	0.005216484089723527
Euryarchaeota	28890	6	8.817085159817016e-7	0.003129890453834116
Deinococcus-Thermus	1297	2	2.939028386605672e-7	0.0010432968179447052
Chloroflexi	200795	2	2.939028386605672e-7	0.0010432968179447052
