Taxon	TaxID	Fragments	PropTotal	PropNonHost
Proteobacteria	1224	116	1.1259453330245396e-5	0.7388535031847133
Actinobacteria	201174	39	3.7855058610307795e-6	0.2484076433121019
Bacteroidetes	976	2	1.9412850569388614e-7	0.012738853503184714
