Taxon	TaxID	Fragments	PropTotal	PropNonHost
Proteobacteria	1224	798	0.0002830069237395641	0.6655546288573811
Actinobacteria	201174	362	0.00012838158695955163	0.3019182652210175
Firmicutes	1239	18	6.383614821193176e-6	0.015012510425354461
Planctomycetes	203682	7	2.482516874908457e-6	0.005838198498748957
Bacteroidetes	976	6	2.127871607064392e-6	0.0050041701417848205
Euryarchaeota	28890	4	1.4185810713762613e-6	0.003336113427856547
Deinococcus-Thermus	1297	2	7.092905356881306e-7	0.0016680567139282735
Cyanobacteria	1117	2	7.092905356881306e-7	0.0016680567139282735
