Taxon	TaxID	Fragments	PropTotal	PropNonHost
Proteobacteria	1224	37	7.3386416174366125e-6	0.8222222222222222
Actinobacteria	201174	8	1.5867333226889973e-6	0.17777777777777778
