Taxon	TaxID	Fragments	PropTotal	PropNonHost
Proteobacteria	1224	72	3.423390046227177e-6	0.8089887640449438
Actinobacteria	201174	15	7.132062596306618e-7	0.16853932584269662
Firmicutes	1239	2	9.509416795075491e-8	0.02247191011235955
