Taxon	TaxID	Fragments	PropTotal	PropNonHost
Proteobacteria	1224	98	1.0321408665854715e-5	0.6405228758169934
Actinobacteria	201174	49	5.1607043329273575e-6	0.3202614379084967
Firmicutes	1239	3	3.1596148977106275e-7	0.0196078431372549
Deinococcus-Thermus	1297	3	3.1596148977106275e-7	0.0196078431372549
