Taxon	TaxID	Fragments	PropTotal	PropNonHost
Proteobacteria	1224	172	1.7091693357531992e-5	0.8557213930348259
Actinobacteria	201174	29	2.8817389963280684e-6	0.14427860696517414
