Taxon	TaxID	Fragments	PropTotal	PropNonHost
Proteobacteria	1224	27	2.317585028332048e-6	0.7105263157894737
Actinobacteria	201174	11	9.442013078389824e-7	0.2894736842105263
