Taxon	TaxID	Fragments	PropTotal	PropNonHost
Proteobacteria	1224	88	6.774434577206769e-6	0.7586206896551724
Actinobacteria	201174	23	1.7705908554063145e-6	0.19827586206896552
Bacteroidetes	976	3	2.309466333138671e-7	0.02586206896551724
Firmicutes	1239	2	1.5396442220924473e-7	0.017241379310344827
