Taxon	TaxID	Fragments	PropTotal	PropNonHost
Proteobacteria	1224	54	3.980531368503736e-6	0.782608695652174
Actinobacteria	201174	8	5.897083508894424e-7	0.11594202898550725
Firmicutes	1239	7	5.15994807028262e-7	0.10144927536231885
