Taxon	TaxID	Fragments	PropTotal	PropNonHost
Proteobacteria	1224	751	0.0003104533487002918	0.6279264214046822
Actinobacteria	201174	375	0.0001550199810420898	0.31354515050167225
Firmicutes	1239	26	1.0748052018918225e-5	0.021739130434782608
Bacteroidetes	976	15	6.200799241683591e-6	0.01254180602006689
Planctomycetes	203682	12	4.960639393346873e-6	0.010033444816053512
Deinococcus-Thermus	1297	6	2.4803196966734366e-6	0.005016722408026756
Euryarchaeota	28890	6	2.4803196966734366e-6	0.005016722408026756
Acidobacteria	57723	3	1.2401598483367183e-6	0.002508361204013378
Fusobacteria	32066	2	8.267732322244788e-7	0.0016722408026755853
