Taxon	TaxID	Fragments	PropTotal	PropNonHost
Proteobacteria	1224	1902	0.0004597011072706008	0.6613351877607788
Actinobacteria	201174	867	0.00020954829653186693	0.3014603616133519
Firmicutes	1239	64	1.546838636452074e-5	0.022253129346314324
Bacteroidetes	976	16	3.867096591130185e-6	0.005563282336578581
Planctomycetes	203682	12	2.900322443347639e-6	0.004172461752433936
Euryarchaeota	28890	9	2.175241832510729e-6	0.003129346314325452
Deinococcus-Thermus	1297	2	4.833870738912732e-7	0.0006954102920723226
Chloroflexi	200795	2	4.833870738912732e-7	0.0006954102920723226
Spirochaetes	203691	2	4.833870738912732e-7	0.0006954102920723226
