Taxon	TaxID	Fragments	PropTotal	PropNonHost
Proteobacteria	1224	57	4.807667977388779e-6	0.7307692307692307
Actinobacteria	201174	19	1.602555992462926e-6	0.24358974358974358
Firmicutes	1239	2	1.686901044697817e-7	0.02564102564102564
