Taxon	TaxID	Fragments	PropTotal	PropNonHost
Proteobacteria	1224	54	4.322421593473527e-6	0.7397260273972602
Actinobacteria	201174	17	1.3607623535009254e-6	0.2328767123287671
Firmicutes	1239	2	1.600896886471677e-7	0.0273972602739726
