Taxon	TaxID	Fragments	PropTotal	PropNonHost
Proteobacteria	1224	61	4.993729185973024e-6	0.782051282051282
Actinobacteria	201174	13	1.0642373675024477e-6	0.16666666666666666
Firmicutes	1239	2	1.6372882576960736e-7	0.02564102564102564
Bacteroidetes	976	2	1.6372882576960736e-7	0.02564102564102564
