Taxon	TaxID	Fragments	PropTotal	PropNonHost
Proteobacteria	1224	165	2.0654802297865532e-5	0.7971014492753623
Actinobacteria	201174	33	4.1309604595731065e-6	0.15942028985507245
Firmicutes	1239	6	7.51083719922383e-7	0.028985507246376812
Bacteroidetes	976	3	3.755418599611915e-7	0.014492753623188406
