Taxon	TaxID	Fragments	PropTotal	PropNonHost
Proteobacteria	1224	81	7.248367551295623e-5	0.84375
Actinobacteria	201174	13	1.1633182489733716e-5	0.13541666666666666
Bacteroidetes	976	2	1.7897203830359565e-6	0.020833333333333332
