Taxon	TaxID	Fragments	PropTotal	PropNonHost
Proteobacteria	1224	54	5.152110824575302e-6	0.84375
Actinobacteria	201174	7	6.67866218000502e-7	0.109375
Firmicutes	1239	3	2.862283791430723e-7	0.046875
