Taxon	TaxID	Fragments	PropTotal	PropNonHost
Proteobacteria	1224	37	4.106943476136938e-6	0.7872340425531915
Actinobacteria	201174	8	8.879877786242028e-7	0.1702127659574468
Firmicutes	1239	2	2.219969446560507e-7	0.0425531914893617
