Taxon	TaxID	Fragments	PropTotal	PropNonHost
Proteobacteria	1224	689	0.00015614985672287457	0.6506137865911237
Actinobacteria	201174	342	7.750834687840799e-5	0.32294617563739375
Firmicutes	1239	18	4.079386677810947e-6	0.0169971671388102
Bacteroidetes	976	3	6.798977796351578e-7	0.0028328611898017
Planctomycetes	203682	3	6.798977796351578e-7	0.0028328611898017
Cyanobacteria	1117	2	4.5326518642343854e-7	0.0018885741265344666
Euryarchaeota	28890	2	4.5326518642343854e-7	0.0018885741265344666
