Taxon	TaxID	Fragments	PropTotal	PropNonHost
Proteobacteria	1224	32	8.838143216586986e-5	0.7804878048780488
Actinobacteria	201174	7	1.9333438286284032e-5	0.17073170731707318
Bacteroidetes	976	2	5.523839510366866e-6	0.04878048780487805
