Taxon	TaxID	Fragments	PropTotal	PropNonHost
Proteobacteria	1224	172	0.00021179788078980907	0.6466165413533834
Actinobacteria	201174	83	0.00010220479131136135	0.31203007518796994
Firmicutes	1239	6	7.388298167086363e-6	0.022556390977443608
Bacteroidetes	976	3	3.6941490835431817e-6	0.011278195488721804
Fusobacteria	32066	2	2.4627660556954544e-6	0.007518796992481203
