Taxon	TaxID	Fragments	PropTotal	PropNonHost
Proteobacteria	1224	40	2.9448729357268967e-6	0.6060606060606061
Actinobacteria	201174	21	1.5460582912566208e-6	0.3181818181818182
Firmicutes	1239	3	2.2086547017951725e-7	0.045454545454545456
Bacteroidetes	976	2	1.4724364678634484e-7	0.030303030303030304
