Taxon	TaxID	Fragments	PropTotal	PropNonHost
Proteobacteria	1224	79	7.5940479582392726e-6	0.797979797979798
Actinobacteria	201174	20	1.9225437868960186e-6	0.20202020202020202
