Taxon	TaxID	Fragments	PropTotal	PropNonHost
Proteobacteria	1224	54	5.0776766996229825e-6	0.8059701492537313
Actinobacteria	201174	13	1.2224036499092364e-6	0.19402985074626866
