Taxon	TaxID	Fragments	PropTotal	PropNonHost
Proteobacteria	1224	54	0.0001165264752467556	0.6206896551724138
Actinobacteria	201174	30	6.4736930692642e-5	0.3448275862068966
Thermodesulfobacteria	200940	3	6.4736930692642e-6	0.034482758620689655
