Taxon	TaxID	Fragments	PropTotal	PropNonHost
Proteobacteria	1224	70	1.721398956340404e-5	0.7216494845360825
Actinobacteria	201174	19	4.672368595781097e-6	0.1958762886597938
Firmicutes	1239	8	1.967313092960462e-6	0.08247422680412371
