Taxon	TaxID	Fragments	PropTotal	PropNonHost
Proteobacteria	1224	232	0.00035448964187378333	0.7656765676567657
Actinobacteria	201174	63	9.626227343986359e-5	0.2079207920792079
Firmicutes	1239	3	4.583917782850647e-6	0.009900990099009901
Deinococcus-Thermus	1297	3	4.583917782850647e-6	0.009900990099009901
Nitrospirae	40117	2	3.0559451885670977e-6	0.006600660066006601
