Taxon	TaxID	Fragments	PropTotal	PropNonHost
Proteobacteria	1224	527	0.00039083416024052246	0.6426829268292683
Actinobacteria	201174	254	0.00018837168254476794	0.3097560975609756
Firmicutes	1239	21	1.557403674582727e-5	0.025609756097560974
Euryarchaeota	28890	6	4.449724784522077e-6	0.007317073170731708
Bacteroidetes	976	5	3.708103987101731e-6	0.006097560975609756
Acidobacteria	57723	3	2.2248623922610386e-6	0.003658536585365854
Deinococcus-Thermus	1297	2	1.4832415948406924e-6	0.0024390243902439024
Planctomycetes	203682	2	1.4832415948406924e-6	0.0024390243902439024
