Taxon	TaxID	Fragments	PropTotal	PropNonHost
Proteobacteria	1224	1050	0.00012915416690088672	0.6115317414094351
Actinobacteria	201174	578	7.109629377972621e-5	0.33663366336633666
Firmicutes	1239	56	6.8882222347139585e-6	0.032615026208503206
Bacteroidetes	976	15	1.8450595271555245e-6	0.008736167734420501
Planctomycetes	203682	6	7.380238108622098e-7	0.0034944670937682005
Acidobacteria	57723	4	4.920158739081399e-7	0.0023296447291788003
Deinococcus-Thermus	1297	3	3.690119054311049e-7	0.0017472335468841002
Synergistetes	508458	3	3.690119054311049e-7	0.0017472335468841002
Euryarchaeota	28890	2	2.4600793695406995e-7	0.0011648223645894002
