Taxon	TaxID	Fragments	PropTotal	PropNonHost
Proteobacteria	1224	40	4.037766033262309e-6	0.5970149253731343
Actinobacteria	201174	23	2.321715469125828e-6	0.34328358208955223
Firmicutes	1239	4	4.037766033262309e-7	0.05970149253731343
