Taxon	TaxID	Fragments	PropTotal	PropNonHost
Homo sapiens	9606	7227	0.0005549134758821873	0.9957288509231194
Pseudomonas sp. DY-1	1755504	10	7.678337842565204e-7	0.0013777900248002205
Cutibacterium acnes	1747	6	4.6070027055391224e-7	0.0008266740148801323
Stenotrophomonas rhizophila	216778	3	2.3035013527695612e-7	0.00041333700744006614
Achromobacter xylosoxidans	85698	3	2.3035013527695612e-7	0.00041333700744006614
Acidovorax sp. T1	1858609	3	2.3035013527695612e-7	0.00041333700744006614
Bradyrhizobium quebecense	2748629	2	1.5356675685130406e-7	0.0002755580049600441
Micrococcus luteus	1270	2	1.5356675685130406e-7	0.0002755580049600441
Aerococcus urinaeequi	51665	2	1.5356675685130406e-7	0.0002755580049600441
