Taxon	TaxID	Fragments	PropTotal	PropNonHost
Homo sapiens	9606	3802	0.00046503219632431313	0.9939869281045751
Cutibacterium acnes	1747	8	9.785001500774605e-7	0.0020915032679738564
Brevundimonas diminuta	293	6	7.338751125580954e-7	0.001568627450980392
Archangium gephyra	48	3	3.669375562790477e-7	0.000784313725490196
Thiopseudomonas alkaliphila	1697053	2	2.446250375193651e-7	0.0005228758169934641
Methylotuvimicrobium buryatense	95641	2	2.446250375193651e-7	0.0005228758169934641
Burkholderia multivorans	87883	2	2.446250375193651e-7	0.0005228758169934641
