Taxon	TaxID	Fragments	PropTotal	PropNonHost
Homo sapiens	9606	5710	0.00045645751080049615	0.9996498599439776
Leifsonia sp. PS1209	2724914	2	1.5988003880928061e-7	0.00035014005602240897
