Taxon	TaxID	Fragments	PropTotal	PropNonHost
Homo sapiens	9606	3807	0.00042234302196583095	0.9950339780449555
Kaistia sp. 32K	2795690	5	5.546927002440648e-7	0.0013068478829064297
Micrococcus luteus	1270	3	3.328156201464389e-7	0.0007841087297438578
Fusobacterium hwasookii	1583098	3	3.328156201464389e-7	0.0007841087297438578
Stenotrophomonas maltophilia	40324	2	2.2187708009762592e-7	0.0005227391531625719
Brevibacterium aurantiacum	273384	2	2.2187708009762592e-7	0.0005227391531625719
Pseudonocardia sp. DSM 110487	2865833	2	2.2187708009762592e-7	0.0005227391531625719
Fannyhessea vaginae	82135	2	2.2187708009762592e-7	0.0005227391531625719
