Taxon	TaxID	Fragments	PropTotal	PropNonHost
Homo sapiens	9606	5249	0.0005462852085448207	0.9984782195168347
Cutibacterium acnes	1747	6	6.244448945073202e-7	0.0011413353623739774
Tetrasphaera sp. HKS02	1813880	2	2.0814829816910675e-7	0.00038044512079132587
