Taxon	TaxID	Fragments	PropTotal	PropNonHost
Homo sapiens	9606	5885	0.0004386327775330577	0.9979650669832119
Alcaligenes faecalis	511	4	2.9813612746511995e-7	0.0006783110055960658
Halomonas tianxiuensis	2497861	3	2.2360209559883995e-7	0.0005087332541970493
Phycicoccus sp. HDW14	2714941	3	2.2360209559883995e-7	0.0005087332541970493
Cutibacterium acnes	1747	2	1.4906806373255998e-7	0.0003391555027980329
