Taxon	TaxID	Fragments	PropTotal	PropNonHost
Homo sapiens	9606	4444	0.000497949878498661	0.9988761519442572
Pseudomonas aeruginosa	287	5	5.60249638274821e-7	0.0011238480557428637
