Taxon	TaxID	Fragments	PropTotal	PropNonHost
Homo sapiens	9606	7161	0.00046020487439286023	0.998744769874477
Sutterella wadsworthensis	40545	3	1.9279634452989535e-7	0.00041841004184100416
Xanthomonas arboricola	56448	2	1.2853089635326358e-7	0.0002789400278940028
Pseudomonas stutzeri	316	2	1.2853089635326358e-7	0.0002789400278940028
Actinomyces qiguomingii	2057800	2	1.2853089635326358e-7	0.0002789400278940028
