Taxon	TaxID	Fragments	PropTotal	PropNonHost
Homo sapiens	9606	4779	0.00046255438813026784	0.9968710888610763
Halopseudomonas salegens	1434072	3	2.903668475394023e-7	0.0006257822277847309
Luteipulveratus mongoliensis	571913	2	1.9357789835960153e-7	0.00041718815185648727
Streptomyces asoensis	249586	2	1.9357789835960153e-7	0.00041718815185648727
Mycobacterium rufum	318424	2	1.9357789835960153e-7	0.00041718815185648727
Cutibacterium acnes	1747	2	1.9357789835960153e-7	0.00041718815185648727
Egicoccus halophilus	1670830	2	1.9357789835960153e-7	0.00041718815185648727
Clostridium botulinum	1491	2	1.9357789835960153e-7	0.00041718815185648727
