Taxon	TaxID	Fragments	PropTotal	PropNonHost
Homo sapiens	9606	8116	0.0005100203989307167	0.9982779827798278
Cutibacterium acnes	1747	5	3.1420675143587773e-7	0.0006150061500615006
Pseudomonas phragmitis	1931241	3	1.8852405086152663e-7	0.00036900369003690036
Pseudomonas stutzeri	316	3	1.8852405086152663e-7	0.00036900369003690036
Streptococcus salivarius	1304	3	1.8852405086152663e-7	0.00036900369003690036
