Taxon	TaxID	Fragments	PropTotal	PropNonHost
Homo sapiens	9606	4825	0.0004581510580535787	0.9942303729651761
Pseudomonas aeruginosa	287	5	4.747679358068173e-7	0.0010302905419328251
Brevundimonas naejangsanensis	588932	5	4.747679358068173e-7	0.0010302905419328251
Massilia sp. NP310	2861282	4	3.7981434864545383e-7	0.00082423243354626
Cutibacterium acnes	1747	4	3.7981434864545383e-7	0.00082423243354626
Achromobacter pestifer	1353889	3	2.8486076148409037e-7	0.000618174325159695
Klebsiella pneumoniae	573	3	2.8486076148409037e-7	0.000618174325159695
Micrococcus luteus	1270	2	1.8990717432272692e-7	0.00041211621677313
Gardnerella leopoldii	2792978	2	1.8990717432272692e-7	0.00041211621677313
