Taxon	TaxID	Fragments	PropTotal	PropNonHost
Homo sapiens	9606	4661	0.00044217103035052086	0.9967921300256629
Halopseudomonas sp. RR6	2918528	5	4.743306483056435e-7	0.00106928999144568
Corynebacterium tuberculostearicum	38304	4	3.794645186445148e-7	0.000855431993156544
Pseudomonas sp. NS1(2017)	2025658	3	2.845983889833861e-7	0.0006415739948674081
Methylorubrum sp. B1-46	2897334	3	2.845983889833861e-7	0.0006415739948674081
