Taxon	TaxID	Fragments	PropTotal	PropNonHost
Homo sapiens	9606	3763	0.00044611340148131465	0.9992033988316517
Cutibacterium acnes	1747	3	3.5565777423437256e-7	0.0007966011683483802
