Taxon	TaxID	Fragments	PropTotal	PropNonHost
Homo sapiens	9606	6529	0.0005307821105698237	0.9995407225964482
Brevundimonas naejangsanensis	588932	3	2.4388824195274485e-7	0.00045927740355174526
