Taxon	TaxID	Fragments	PropTotal	PropNonHost
Homo sapiens	9606	4244	0.00042456154566812673	0.9939110070257611
Pseudomonas orientalis	76758	9	9.003425803518239e-7	0.002107728337236534
Hyphomicrobium nitrativorans	1427356	7	7.002664513847519e-7	0.001639344262295082
Pseudonocardia abyssalis	2792008	6	6.002283869012159e-7	0.001405152224824356
Janthinobacterium sp. LM6	1938606	4	4.0015225793414396e-7	0.000936768149882904
