Taxon	TaxID	Fragments	PropTotal	PropNonHost
Homo sapiens	9606	4940	0.0004322573537782312	0.9987868985038415
Delftia acidovorans	80866	4	3.5000595447630053e-7	0.0008087343307723412
Comamonas testosteroni	285	2	1.7500297723815027e-7	0.0004043671653861706
