Taxon	TaxID	Fragments	PropTotal	PropNonHost
Homo sapiens	9606	3350	0.000486208937478175	0.9925925925925926
Ramlibacter tataouinensis	94132	6	8.708219775728508e-7	0.0017777777777777779
Corynebacterium xerosis	1725	5	7.25684981310709e-7	0.0014814814814814814
Rhizorhabdus phycosphaerae	2711156	4	5.805479850485672e-7	0.0011851851851851852
Bosea sp. RAC05	1842539	4	5.805479850485672e-7	0.0011851851851851852
Luteibacter pinisoli	2589080	2	2.902739925242836e-7	0.0005925925925925926
Rhodococcus sp. PBTS 1	1653478	2	2.902739925242836e-7	0.0005925925925925926
Abiotrophia defectiva	46125	2	2.902739925242836e-7	0.0005925925925925926
