Taxon	TaxID	Fragments	PropTotal	PropNonHost
Homo sapiens	9606	5794	0.0003746408129589253	0.99553264604811
Clostridium botulinum	1491	9	5.819412006610852e-7	0.0015463917525773195
Klebsiella pneumoniae	573	7	4.526209338475107e-7	0.0012027491408934709
Cutibacterium acnes	1747	6	3.8796080044072345e-7	0.0010309278350515464
Halomonas sp. NyZ770	2883106	2	1.293202668135745e-7	0.0003436426116838488
Massilia sp. NP310	2861282	2	1.293202668135745e-7	0.0003436426116838488
