Taxon	TaxID	Fragments	PropTotal	PropNonHost
Homo sapiens	9606	5015	0.00046654695527642743	0.9950396825396826
Bradyrhizobium guangdongense	1325090	4	3.721212006192841e-7	0.0007936507936507937
Pseudomonas libanensis	75588	4	3.721212006192841e-7	0.0007936507936507937
Alcaligenes faecalis	511	4	3.721212006192841e-7	0.0007936507936507937
Arthrobacter sp. Helios	2828862	4	3.721212006192841e-7	0.0007936507936507937
Brevundimonas sp. SGAir0440	2579977	3	2.790909004644631e-7	0.0005952380952380953
Sphingomonas paucimobilis	13689	3	2.790909004644631e-7	0.0005952380952380953
Pseudomonas azotoformans	47878	3	2.790909004644631e-7	0.0005952380952380953
