Taxon	TaxID	Fragments	PropTotal	PropNonHost
Homo sapiens	9606	5022	0.00048027914719178715	0.9956383822363204
Variovorax sp. 38R	2774875	5	4.781751764155587e-7	0.0009912767644726407
Rhodopseudomonas palustris	1076	3	2.8690510584933523e-7	0.0005947660586835844
Cutibacterium acnes	1747	3	2.8690510584933523e-7	0.0005947660586835844
Rathayibacter festucae	110937	3	2.8690510584933523e-7	0.0005947660586835844
Luteimonas sp. S4-F44	2925842	2	1.9127007056622348e-7	0.0003965107057890563
Prauserella marina	530584	2	1.9127007056622348e-7	0.0003965107057890563
Streptomyces cyaneochromogenes	2496836	2	1.9127007056622348e-7	0.0003965107057890563
Virgibacillus necropolis	163877	2	1.9127007056622348e-7	0.0003965107057890563
