Taxon	TaxID	Fragments	PropTotal	PropNonHost
Homo sapiens	9606	7574	0.0005130980227231834	0.9972350230414746
Klebsiella aerogenes	548	6	4.0646793455757864e-7	0.0007899934167215273
Caulobacter sp. FWC26	69665	5	3.387232787979822e-7	0.0006583278472679394
Streptomyces sp. So13.3	2136173	5	3.387232787979822e-7	0.0006583278472679394
Staphylococcus epidermidis	1282	3	2.0323396727878932e-7	0.00039499670836076365
Caulobacter vibrioides	155892	2	1.3548931151919286e-7	0.00026333113890717575
