Taxon	TaxID	Fragments	PropTotal	PropNonHost
Homo sapiens	9606	5802	0.0004154262472346087	0.9721849865951743
Clostridium botulinum	1491	116	8.305660923684008e-6	0.01943699731903485
Bacillus cereus	1396	22	1.5752115544917945e-6	0.003686327077747989
Ornithinimicrobium flavum	1288636	7	5.012036764292073e-7	0.0011729222520107238
Brevundimonas diminuta	293	6	4.2960315122503487e-7	0.0010053619302949062
Acidovorax antarcticus	2743470	5	3.5800262602086237e-7	0.0008378016085790885
Blastochloris viridis	1079	4	2.864021008166899e-7	0.0006702412868632708
Achromobacter xylosoxidans	85698	4	2.864021008166899e-7	0.0006702412868632708
Melittangium boletus	83453	2	1.4320105040834496e-7	0.0003351206434316354
