Taxon	TaxID	Fragments	PropTotal	PropNonHost
Proteobacteria	1224	772	0.00010871305569164246	0.6575809199318569
Actinobacteria	201174	273	3.8443865548987556e-5	0.23253833049403747
Bacteroidetes	976	66	9.294121341513475e-6	0.056218057921635436
Firmicutes	1239	57	8.026741158579819e-6	0.048551959114139696
Deinococcus-Thermus	1297	4	5.632800813038469e-7	0.0034071550255536627
Ignavibacteriae	1134404	2	2.8164004065192347e-7	0.0017035775127768314
