Taxon	TaxID	Fragments	PropTotal	PropNonHost
Proteobacteria	1224	370	1.6774113933499343e-5	0.6218487394957983
Actinobacteria	201174	190	8.61373418206723e-6	0.31932773109243695
Firmicutes	1239	18	8.160379751432113e-7	0.030252100840336135
Deinococcus-Thermus	1297	9	4.0801898757160563e-7	0.015126050420168067
Bacteroidetes	976	6	2.720126583810704e-7	0.010084033613445379
Euryarchaeota	28890	2	9.067088612702347e-8	0.0033613445378151263
