Taxon	TaxID	Fragments	PropTotal	PropNonHost
Proteobacteria	1224	452	3.642476432693966e-5	0.5847347994825356
Actinobacteria	201174	230	1.853472521061089e-5	0.2975420439844761
Firmicutes	1239	47	3.7875308039074423e-6	0.06080206985769728
Bacteroidetes	976	18	1.4505437121347651e-6	0.02328589909443726
Fusobacteria	32066	14	1.1282006649937062e-6	0.018111254851228976
Deinococcus-Thermus	1297	8	6.446860942821179e-7	0.01034928848641656
Acidobacteria	57723	2	1.6117152357052947e-7	0.00258732212160414
Euryarchaeota	28890	2	1.6117152357052947e-7	0.00258732212160414
