Taxon	TaxID	Fragments	PropTotal	PropNonHost
Proteobacteria	1224	44	4.093333206812125e-6	0.7333333333333333
Actinobacteria	201174	16	1.4884848024771364e-6	0.26666666666666666
