Taxon	TaxID	Fragments	PropTotal	PropNonHost
Actinobacteria	201174	396	9.215734050671178e-5	0.48588957055214727
Proteobacteria	1224	378	8.796837048367943e-5	0.4638036809815951
Firmicutes	1239	22	5.119852250372877e-6	0.026993865030674847
Bacteroidetes	976	11	2.5599261251864384e-6	0.013496932515337423
Deinococcus-Thermus	1297	2	4.654411136702615e-7	0.00245398773006135
Chloroflexi	200795	2	4.654411136702615e-7	0.00245398773006135
Verrucomicrobia	74201	2	4.654411136702615e-7	0.00245398773006135
Euryarchaeota	28890	2	4.654411136702615e-7	0.00245398773006135
