Taxon	TaxID	Fragments	PropTotal	PropNonHost
Proteobacteria	1224	435	2.559151552425455e-5	0.49263873159682897
Actinobacteria	201174	239	1.4060625770797328e-5	0.2706681766704417
Firmicutes	1239	161	9.471802297482718e-6	0.1823329558323896
Bacteroidetes	976	29	1.7061010349503034e-6	0.03284258210645526
Fusobacteria	32066	11	6.471417718777013e-7	0.01245753114382786
Euryarchaeota	28890	3	1.7649321051210036e-7	0.0033975084937712344
Uroviricota	2731618	3	1.7649321051210036e-7	0.0033975084937712344
Deinococcus-Thermus	1297	2	1.1766214034140023e-7	0.0022650056625141564
