Taxon	TaxID	Fragments	PropTotal	PropNonHost
Proteobacteria	1224	473	0.00010627828283055242	0.6166883963494133
Actinobacteria	201174	164	3.684912977634376e-5	0.2138200782268579
Firmicutes	1239	74	1.6627046362496574e-5	0.09647979139504563
Bacteroidetes	976	46	1.0335731522633004e-5	0.05997392438070404
Deinococcus-Thermus	1297	3	6.740694471282395e-7	0.003911342894393742
Fusobacteria	32066	3	6.740694471282395e-7	0.003911342894393742
Acidobacteria	57723	2	4.493796314188263e-7	0.002607561929595828
Peploviricota	2731361	2	4.493796314188263e-7	0.002607561929595828
