Taxon	TaxID	Fragments	PropTotal	PropNonHost
Proteobacteria	1224	41	2.857158387341757e-6	0.45054945054945056
Actinobacteria	201174	32	2.2299772779252737e-6	0.3516483516483517
Firmicutes	1239	11	7.665546892868128e-7	0.12087912087912088
Fusobacteria	32066	4	2.787471597406592e-7	0.04395604395604396
Bacteroidetes	976	3	2.090603698054944e-7	0.03296703296703297
