Taxon	TaxID	Fragments	PropTotal	PropNonHost
Proteobacteria	1224	20	1.293202668135745e-6	0.46511627906976744
Actinobacteria	201174	12	7.759216008814469e-7	0.27906976744186046
Firmicutes	1239	9	5.819412006610852e-7	0.20930232558139536
Bacteroidetes	976	2	1.293202668135745e-7	0.046511627906976744
