Taxon	TaxID	Fragments	PropTotal	PropNonHost
Proteobacteria	1224	11	1.2325492042046063e-6	0.6470588235294118
Actinobacteria	201174	6	6.722995659297852e-7	0.35294117647058826
