Taxon	TaxID	Fragments	PropTotal	PropNonHost
Proteobacteria	1224	665	5.137721452212121e-5	0.7104700854700855
Actinobacteria	201174	224	1.7306009102188197e-5	0.23931623931623933
Firmicutes	1239	25	1.931474230154933e-6	0.026709401709401708
Pisuviricota	2732408	10	7.725896920619732e-7	0.010683760683760684
Duplornaviricota	2732405	6	4.635538152371839e-7	0.00641025641025641
Chloroflexi	200795	4	3.0903587682478927e-7	0.004273504273504274
Bacteroidetes	976	2	1.5451793841239463e-7	0.002136752136752137
