Taxon	TaxID	Fragments	PropTotal	PropNonHost
Proteobacteria	1224	191	2.062005031076359e-5	0.5617647058823529
Actinobacteria	201174	129	1.3926630838159703e-5	0.37941176470588234
Firmicutes	1239	10	1.079583785903853e-6	0.029411764705882353
Bacteroidetes	976	8	8.636670287230823e-7	0.023529411764705882
Euryarchaeota	28890	2	2.1591675718077057e-7	0.0058823529411764705
