Taxon	TaxID	Fragments	PropTotal	PropNonHost
Proteobacteria	1224	323	4.7136164266176024e-5	0.5981481481481481
Actinobacteria	201174	195	2.8456817436236298e-5	0.3611111111111111
Firmicutes	1239	6	8.755943826534246e-7	0.011111111111111112
Bacteroidetes	976	6	8.755943826534246e-7	0.011111111111111112
Euryarchaeota	28890	4	5.837295884356163e-7	0.007407407407407408
Deinococcus-Thermus	1297	3	4.377971913267123e-7	0.005555555555555556
Gemmatimonadetes	142182	3	4.377971913267123e-7	0.005555555555555556
