Taxon	TaxID	Fragments	PropTotal	PropNonHost
Firmicutes	1239	227	2.5829746469090726e-5	0.7229299363057324
Proteobacteria	1224	44	5.006646892687189e-6	0.14012738853503184
Actinobacteria	201174	38	4.323922316411663e-6	0.12101910828025478
Bacteroidetes	976	3	3.413622881377629e-7	0.009554140127388535
Deinococcus-Thermus	1297	2	2.275748587585086e-7	0.006369426751592357
