Taxon	TaxID	Fragments	PropTotal	PropNonHost
Proteobacteria	1224	563	4.380549798681447e-5	0.6501154734411085
Actinobacteria	201174	169	1.3149430123928322e-5	0.1951501154734411
Pisuviricota	2732408	88	6.8470405379035045e-6	0.10161662817551963
Firmicutes	1239	27	2.100796528674939e-6	0.03117782909930716
Bacteroidetes	976	9	7.00265509558313e-7	0.010392609699769052
Deinococcus-Thermus	1297	5	3.8903639419906274e-7	0.005773672055427252
Chloroflexi	200795	3	2.3342183651943766e-7	0.003464203233256351
Planctomycetes	203682	2	1.556145576796251e-7	0.0023094688221709007
