Taxon	TaxID	Fragments	PropTotal	PropNonHost
Proteobacteria	1224	12	1.0500178634289015e-6	0.6666666666666666
Actinobacteria	201174	6	5.250089317144507e-7	0.3333333333333333
