Taxon	TaxID	Fragments	PropTotal	PropNonHost
Proteobacteria	1224	456	3.158673030376875e-5	0.6395511921458625
Actinobacteria	201174	217	1.5031404552451359e-5	0.30434782608695654
Firmicutes	1239	22	1.5239211988660363e-6	0.030855539971949508
Duplornaviricota	2732405	5	3.4634572701500824e-7	0.0070126227208976155
Pisuviricota	2732408	5	3.4634572701500824e-7	0.0070126227208976155
Bacteroidetes	976	4	2.7707658161200664e-7	0.005610098176718092
Acidobacteria	57723	2	1.3853829080600332e-7	0.002805049088359046
Euryarchaeota	28890	2	1.3853829080600332e-7	0.002805049088359046
