Taxon	TaxID	Fragments	PropTotal	PropNonHost
Proteobacteria	1224	73	9.241734660935948e-6	0.6083333333333333
Actinobacteria	201174	37	4.684166882940138e-6	0.30833333333333335
Firmicutes	1239	10	1.2659910494432804e-6	0.08333333333333333
