Taxon	TaxID	Fragments	PropTotal	PropNonHost
Proteobacteria	1224	85	8.40824336265634e-6	0.5782312925170068
Actinobacteria	201174	57	5.638469078487193e-6	0.3877551020408163
Firmicutes	1239	3	2.967615304466944e-7	0.02040816326530612
Cyanobacteria	1117	2	1.9784102029779624e-7	0.013605442176870748
