Taxon	TaxID	Fragments	PropTotal	PropNonHost
Proteobacteria	1224	70	7.692957789509904e-6	0.5185185185185185
Actinobacteria	201174	53	5.8246680406289275e-6	0.3925925925925926
Firmicutes	1239	12	1.3187927639159836e-6	0.08888888888888889
