Taxon	TaxID	Fragments	PropTotal	PropNonHost
Proteobacteria	1224	409	3.1738717564912464e-5	0.7602230483271375
Actinobacteria	201174	90	6.984069879809589e-6	0.16728624535315986
Firmicutes	1239	15	1.1640116466349316e-6	0.027881040892193308
Pisuviricota	2732408	14	1.0864108701926027e-6	0.026022304832713755
Deinococcus-Thermus	1297	3	2.3280232932698632e-7	0.0055762081784386614
Duplornaviricota	2732405	3	2.3280232932698632e-7	0.0055762081784386614
Cyanobacteria	1117	2	1.5520155288465755e-7	0.0037174721189591076
Euryarchaeota	28890	2	1.5520155288465755e-7	0.0037174721189591076
