Taxon	TaxID	Fragments	PropTotal	PropNonHost
Proteobacteria	1224	22	1.6397487010581597e-6	0.7586206896551724
Actinobacteria	201174	7	5.217382230639599e-7	0.2413793103448276
