Taxon	TaxID	Fragments	PropTotal	PropNonHost
Proteobacteria	1224	851	6.315984785230541e-5	0.691869918699187
Actinobacteria	201174	280	2.0781148529548195e-5	0.22764227642276422
Pisuviricota	2732408	34	2.5234251785879954e-6	0.027642276422764227
Firmicutes	1239	33	2.449206790982466e-6	0.026829268292682926
Duplornaviricota	2732405	11	8.164022636608219e-7	0.00894308943089431
Deinococcus-Thermus	1297	6	4.4531032563317563e-7	0.004878048780487805
Bacteroidetes	976	6	4.4531032563317563e-7	0.004878048780487805
Euryarchaeota	28890	5	3.7109193802764637e-7	0.0040650406504065045
Planctomycetes	203682	4	2.9687355042211707e-7	0.0032520325203252032
