Taxon	TaxID	Fragments	PropTotal	PropNonHost
Proteobacteria	1224	377	0.00014616300780983456	0.6756272401433692
Actinobacteria	201174	170	6.590904861451425e-5	0.3046594982078853
Firmicutes	1239	7	2.7139020017741165e-6	0.012544802867383513
Cyanobacteria	1117	2	7.754005719354619e-7	0.0035842293906810036
Bacteroidetes	976	2	7.754005719354619e-7	0.0035842293906810036
