Taxon	TaxID	Fragments	PropTotal	PropNonHost
Actinobacteria	201174	1001	0.00017024854757239347	0.5243583027763227
Proteobacteria	1224	815	0.0001386139523191815	0.42692509167103193
Firmicutes	1239	54	9.18423733157767e-6	0.028287061288632794
Bacteroidetes	976	19	3.2314909129625136e-6	0.00995285489785228
Deinococcus-Thermus	1297	8	1.3606277528263215e-6	0.0041906757464641176
Euryarchaeota	28890	7	1.1905492837230314e-6	0.003666841278156103
Chloroflexi	200795	5	8.503923455164509e-7	0.0026191723415400735
