Taxon	TaxID	Fragments	PropTotal	PropNonHost
Proteobacteria	1224	51	4.446500103097772e-6	0.6375
Actinobacteria	201174	16	1.3949804245012617e-6	0.2
Fusobacteria	32066	7	6.103039357193021e-7	0.0875
Firmicutes	1239	6	5.231176591879731e-7	0.075
