Taxon	TaxID	Fragments	PropTotal	PropNonHost
Proteobacteria	1224	280	2.413421311734132e-5	0.5845511482254697
Actinobacteria	201174	150	1.292904274143285e-5	0.31315240083507306
Firmicutes	1239	35	3.016776639667665e-6	0.07306889352818371
Bacteroidetes	976	5	4.30968091381095e-7	0.010438413361169102
Deinococcus-Thermus	1297	4	3.44774473104876e-7	0.008350730688935281
Euryarchaeota	28890	3	2.58580854828657e-7	0.006263048016701462
Peploviricota	2731361	2	1.72387236552438e-7	0.0041753653444676405
