Taxon	TaxID	Fragments	PropTotal	PropNonHost
Proteobacteria	1224	826	0.00017567964200487478	0.41971544715447157
Actinobacteria	201174	576	0.00012250783752398048	0.2926829268292683
Bacteroidetes	976	289	6.146660597991381e-5	0.14684959349593496
Firmicutes	1239	246	5.23210556092e-5	0.125
Candidatus Saccharibacteria	95818	11	2.3395593971593493e-6	0.005589430894308943
Fusobacteria	32066	11	2.3395593971593493e-6	0.005589430894308943
Planctomycetes	203682	4	8.507488716943089e-7	0.0020325203252032522
Deinococcus-Thermus	1297	3	6.380616537707317e-7	0.001524390243902439
Cyanobacteria	1117	2	4.2537443584715444e-7	0.0010162601626016261
