Taxon	TaxID	Fragments	PropTotal	PropNonHost
Proteobacteria	1224	559	3.516636268837595e-5	0.5109689213893968
Actinobacteria	201174	246	1.5475715959464193e-5	0.22486288848263253
Firmicutes	1239	208	1.308515820962826e-5	0.19012797074954296
Bacteroidetes	976	53	3.334198966876432e-6	0.048446069469835464
Fusobacteria	32066	17	1.0694600459792329e-6	0.015539305301645339
Acidobacteria	57723	4	2.5163765787746654e-7	0.003656307129798903
Chloroflexi	200795	3	1.8872824340809992e-7	0.002742230347349177
Deinococcus-Thermus	1297	2	1.2581882893873327e-7	0.0018281535648994515
Planctomycetes	203682	2	1.2581882893873327e-7	0.0018281535648994515
