Taxon	TaxID	Fragments	PropTotal	PropNonHost
Proteobacteria	1224	662	0.00023269980635298593	0.6316793893129771
Actinobacteria	201174	335	0.00011775594430249288	0.3196564885496183
Firmicutes	1239	26	9.139267318999447e-6	0.02480916030534351
Bacteroidetes	976	12	4.218123377999744e-6	0.011450381679389313
Deinococcus-Thermus	1297	5	1.7575514074998936e-6	0.004770992366412214
Planctomycetes	203682	4	1.406041125999915e-6	0.003816793893129771
Euryarchaeota	28890	2	7.030205629999575e-7	0.0019083969465648854
Uroviricota	2731618	2	7.030205629999575e-7	0.0019083969465648854
