Taxon	TaxID	Fragments	PropTotal	PropNonHost
Proteobacteria	1224	210	2.2379248766983318e-5	0.7806691449814126
Actinobacteria	201174	50	5.328392563567457e-6	0.18587360594795538
Firmicutes	1239	7	7.45974958899444e-7	0.026022304832713755
Bacteroidetes	976	2	2.1313570254269829e-7	0.007434944237918215
