Taxon	TaxID	Fragments	PropTotal	PropNonHost
Proteobacteria	1224	533	2.0057219144461388e-5	0.533
Actinobacteria	201174	266	1.0009794169656151e-5	0.266
Firmicutes	1239	151	5.682251577511575e-6	0.151
Bacteroidetes	976	24	9.031393235779987e-7	0.024
Peploviricota	2731361	18	6.77354492683499e-7	0.018
Deinococcus-Thermus	1297	4	1.5052322059633312e-7	0.004
Crenarchaeota	28889	2	7.526161029816656e-8	0.002
Uroviricota	2731618	2	7.526161029816656e-8	0.002
