Taxon	TaxID	Fragments	PropTotal	PropNonHost
Proteobacteria	1224	16	1.665186385352854e-6	0.5714285714285714
Actinobacteria	201174	10	1.0407414908455337e-6	0.35714285714285715
Bacteroidetes	976	2	2.0814829816910675e-7	0.07142857142857142
