Taxon	TaxID	Fragments	PropTotal	PropNonHost
Proteobacteria	1224	144	7.466981939237434e-5	0.6457399103139013
Actinobacteria	201174	64	3.318658639661082e-5	0.28699551569506726
Firmicutes	1239	15	7.778106186705661e-6	0.06726457399103139
