Taxon	TaxID	Fragments	PropTotal	PropNonHost
Proteobacteria	1224	28	3.4247505252711118e-6	0.5185185185185185
Actinobacteria	201174	26	3.1801254877517465e-6	0.48148148148148145
