Taxon	TaxID	Fragments	PropTotal	PropNonHost
Proteobacteria	1224	251	8.482816213872413e-5	0.7191977077363897
Actinobacteria	201174	85	2.8726668453352792e-5	0.24355300859598855
Firmicutes	1239	5	1.6898040266678113e-6	0.014326647564469915
Cyanobacteria	1117	3	1.0138824160006868e-6	0.008595988538681949
Planctomycetes	203682	3	1.0138824160006868e-6	0.008595988538681949
Bacteroidetes	976	2	6.759216106671245e-7	0.0057306590257879654
