Taxon	TaxID	Fragments	PropTotal	PropNonHost
Proteobacteria	1224	42	4.201598708308511e-6	0.75
Actinobacteria	201174	12	1.2004567738024318e-6	0.21428571428571427
Firmicutes	1239	2	2.0007612896707198e-7	0.03571428571428571
