Taxon	TaxID	Fragments	PropTotal	PropNonHost
Proteobacteria	1224	1175	0.00025033662286308396	0.6676136363636364
Actinobacteria	201174	445	9.480833802048712e-5	0.2528409090909091
Firmicutes	1239	89	1.8961667604097425e-5	0.05056818181818182
Bacteroidetes	976	33	7.030730684665337e-6	0.01875
Deinococcus-Thermus	1297	6	1.2783146699391523e-6	0.003409090909090909
Euryarchaeota	28890	4	8.522097799594348e-7	0.0022727272727272726
Crenarchaeota	28889	3	6.391573349695761e-7	0.0017045454545454545
Uroviricota	2731618	3	6.391573349695761e-7	0.0017045454545454545
Planctomycetes	203682	2	4.261048899797174e-7	0.0011363636363636363
