Taxon	TaxID	Fragments	PropTotal	PropNonHost
Proteobacteria	1224	42	3.3925105644394457e-6	0.3925233644859813
Firmicutes	1239	40	3.2309624423232815e-6	0.37383177570093457
Actinobacteria	201174	15	1.2116109158712306e-6	0.14018691588785046
Bacteroidetes	976	6	4.846443663484922e-7	0.056074766355140186
Deinococcus-Thermus	1297	4	3.230962442323282e-7	0.037383177570093455
