Taxon	TaxID	Fragments	PropTotal	PropNonHost
Proteobacteria	1224	97	1.4549774478495583e-5	0.49238578680203043
Actinobacteria	201174	48	7.199888401729773e-6	0.2436548223350254
Firmicutes	1239	32	4.799925601153182e-6	0.16243654822335024
Bacteroidetes	976	17	2.549960475612628e-6	0.08629441624365482
Peploviricota	2731361	3	4.499930251081108e-7	0.015228426395939087
