Taxon	TaxID	Fragments	PropTotal	PropNonHost
Proteobacteria	1224	229	1.8759898611349707e-5	0.6505681818181818
Actinobacteria	201174	93	7.618648781028483e-6	0.26420454545454547
Firmicutes	1239	19	1.5564981380595825e-6	0.05397727272727273
Bacteroidetes	976	8	6.55367637077719e-7	0.022727272727272728
Euryarchaeota	28890	3	2.4576286390414463e-7	0.008522727272727272
