Taxon	TaxID	Fragments	PropTotal	PropNonHost
Proteobacteria	1224	89	9.98065099412891e-6	0.6312056737588653
Actinobacteria	201174	41	4.597827986059385e-6	0.2907801418439716
Firmicutes	1239	6	6.728528760086906e-7	0.0425531914893617
Bacteroidetes	976	5	5.607107300072422e-7	0.03546099290780142
