Taxon	TaxID	Fragments	PropTotal	PropNonHost
Proteobacteria	1224	8	6.395201552371225e-7	0.5714285714285714
Actinobacteria	201174	6	4.796401164278418e-7	0.42857142857142855
