Taxon	TaxID	Fragments	PropTotal	PropNonHost
Proteobacteria	1224	24	2.662524961171511e-6	0.48
Actinobacteria	201174	18	1.996893720878633e-6	0.36
Firmicutes	1239	5	5.546927002440648e-7	0.1
Fusobacteria	32066	3	3.328156201464389e-7	0.06
