Taxon	TaxID	Fragments	PropTotal	PropNonHost
Proteobacteria	1224	226	2.2117781492564656e-5	0.7458745874587459
Actinobacteria	201174	73	7.144239154677965e-6	0.24092409240924093
Firmicutes	1239	4	3.914651591604364e-7	0.013201320132013201
