Taxon	TaxID	Fragments	PropTotal	PropNonHost
Proteobacteria	1224	13	1.5411836883489478e-6	0.6190476190476191
Actinobacteria	201174	8	9.484207312916601e-7	0.38095238095238093
