Taxon	TaxID	Fragments	PropTotal	PropNonHost
Proteobacteria	1224	33	3.130582278817247e-6	0.825
Actinobacteria	201174	5	4.743306483056435e-7	0.125
Firmicutes	1239	2	1.897322593222574e-7	0.05
