Taxon	TaxID	Fragments	PropTotal	PropNonHost
Proteobacteria	1224	453	3.5393528375374545e-5	0.6832579185520362
Actinobacteria	201174	175	1.367299661300341e-5	0.26395173453996984
Firmicutes	1239	20	1.5626281843432468e-6	0.030165912518853696
Pisuviricota	2732408	9	7.031826829544611e-7	0.013574660633484163
Duplornaviricota	2732405	4	3.125256368686494e-7	0.006033182503770739
Deinococcus-Thermus	1297	2	1.562628184343247e-7	0.0030165912518853697
