Taxon	TaxID	Fragments	PropTotal	PropNonHost
Proteobacteria	1224	640	4.897306917361848e-5	0.6020696142991533
Actinobacteria	201174	374	2.86186372983333e-5	0.35183443085606775
Firmicutes	1239	16	1.224326729340462e-6	0.015051740357478834
Pisuviricota	2732408	12	9.182450470053466e-7	0.011288805268109126
Planctomycetes	203682	10	7.652042058377888e-7	0.00940733772342427
Deinococcus-Thermus	1297	3	2.2956126175133664e-7	0.0028222013170272815
Euryarchaeota	28890	3	2.2956126175133664e-7	0.0028222013170272815
Duplornaviricota	2732405	3	2.2956126175133664e-7	0.0028222013170272815
Bacteroidetes	976	2	1.5304084116755776e-7	0.0018814675446848542
