Taxon	TaxID	Fragments	PropTotal	PropNonHost
Proteobacteria	1224	747	0.0002465107346019891	0.567629179331307
Actinobacteria	201174	355	0.00011715034910804034	0.26975683890577506
Bacteroidetes	976	127	4.1910124892172176e-5	0.09650455927051672
Firmicutes	1239	66	2.1780064904593417e-5	0.05015197568389058
Euryarchaeota	28890	10	3.3000098340293053e-6	0.007598784194528876
Spirochaetes	203691	4	1.3200039336117222e-6	0.00303951367781155
Deinococcus-Thermus	1297	3	9.900029502087917e-7	0.0022796352583586625
Fusobacteria	32066	2	6.600019668058611e-7	0.001519756838905775
Verrucomicrobia	74201	2	6.600019668058611e-7	0.001519756838905775
