Taxon	TaxID	Fragments	PropTotal	PropNonHost
Proteobacteria	1224	33	4.789520876650679e-6	0.6875
Actinobacteria	201174	11	1.5965069588835597e-6	0.22916666666666666
Firmicutes	1239	4	5.805479850485672e-7	0.08333333333333333
