Taxon	TaxID	Fragments	PropTotal	PropNonHost
Proteobacteria	1224	10	8.129608065091495e-7	0.5555555555555556
Actinobacteria	201174	6	4.877764839054897e-7	0.3333333333333333
Firmicutes	1239	2	1.625921613018299e-7	0.1111111111111111
