Taxon	TaxID	Fragments	PropTotal	PropNonHost
Proteobacteria	1224	377	0.00015068216654576122	0.6051364365971108
Actinobacteria	201174	193	7.713967677276369e-5	0.3097913322632424
Firmicutes	1239	23	9.19281122162469e-6	0.03691813804173355
Bacteroidetes	976	20	7.993748888369296e-6	0.03210272873194221
Chloroflexi	200795	4	1.598749777673859e-6	0.006420545746388443
Deinococcus-Thermus	1297	3	1.1990623332553943e-6	0.004815409309791332
Planctomycetes	203682	3	1.1990623332553943e-6	0.004815409309791332
