Taxon	TaxID	Fragments	PropTotal	PropNonHost
Proteobacteria	1224	418	2.2648606010809995e-5	0.5543766578249337
Actinobacteria	201174	235	1.2733067972584567e-5	0.3116710875331565
Firmicutes	1239	73	3.955378561696482e-6	0.09681697612732096
Bacteroidetes	976	12	6.501992156213396e-7	0.015915119363395226
Fusobacteria	32066	11	5.960159476528946e-7	0.014588859416445624
Cyanobacteria	1117	3	1.625498039053349e-7	0.003978779840848806
Peploviricota	2731361	2	1.0836653593688994e-7	0.002652519893899204
