Taxon	TaxID	Fragments	PropTotal	PropNonHost
Proteobacteria	1224	252	1.5474509246203496e-5	0.5625
Actinobacteria	201174	152	9.333830973900521e-6	0.3392857142857143
Firmicutes	1239	31	1.903610264413922e-6	0.06919642857142858
Bacteroidetes	976	11	6.754746099533272e-7	0.024553571428571428
Euryarchaeota	28890	2	1.2281356544605948e-7	0.004464285714285714
