Taxon	TaxID	Fragments	PropTotal	PropNonHost
Proteobacteria	1224	1162	0.0002231387168141168	0.6388125343595382
Actinobacteria	201174	497	9.543884875784514e-5	0.2732270478284772
Firmicutes	1239	71	1.3634121251120735e-5	0.03903243540406817
Bacteroidetes	976	65	1.2481941990462644e-5	0.035733919736118745
Planctomycetes	203682	10	1.9202987677634837e-6	0.005497526113249038
Deinococcus-Thermus	1297	6	1.1521792606580903e-6	0.003298515667949423
Euryarchaeota	28890	6	1.1521792606580903e-6	0.003298515667949423
Acidobacteria	57723	2	3.8405975355269674e-7	0.0010995052226498076
