Taxon	TaxID	Fragments	PropTotal	PropNonHost
Proteobacteria	1224	46	3.138669417050835e-6	0.41818181818181815
Firmicutes	1239	37	2.5245819224104546e-6	0.33636363636363636
Actinobacteria	201174	18	1.2281749892807615e-6	0.16363636363636364
Fusobacteria	32066	6	4.0939166309358723e-7	0.05454545454545454
Bacteroidetes	976	3	2.0469583154679361e-7	0.02727272727272727
