Taxon	TaxID	Fragments	PropTotal	PropNonHost
Proteobacteria	1224	729	0.00020757876033622634	0.6009892827699918
Actinobacteria	201174	426	0.00012130116859153966	0.3511953833470734
Firmicutes	1239	41	1.1674525615617667e-5	0.033800494641384994
Bacteroidetes	976	10	2.84744527210187e-6	0.008244023083264633
Planctomycetes	203682	5	1.423722636050935e-6	0.004122011541632316
Ignavibacteriae	1134404	2	5.69489054420374e-7	0.0016488046166529267
