Taxon	TaxID	Fragments	PropTotal	PropNonHost
Actinobacteria	201174	28	2.206813584230173e-6	0.6829268292682927
Proteobacteria	1224	8	6.305181669229066e-7	0.1951219512195122
Firmicutes	1239	5	3.9407385432681664e-7	0.12195121951219512
