Taxon	TaxID	Fragments	PropTotal	PropNonHost
Proteobacteria	1224	338	1.2888757628628753e-5	0.5105740181268882
Actinobacteria	201174	288	1.0982136677648168e-5	0.4350453172205438
Firmicutes	1239	23	8.77045637451069e-7	0.03474320241691843
Bacteroidetes	976	6	2.2879451411767015e-7	0.00906344410876133
Euryarchaeota	28890	4	1.5252967607844678e-7	0.006042296072507553
Deinococcus-Thermus	1297	3	1.1439725705883508e-7	0.004531722054380665
