Taxon	TaxID	Fragments	PropTotal	PropNonHost
Proteobacteria	1224	542	0.00016062024306999218	0.7112860892388452
Actinobacteria	201174	190	5.630598926807844e-5	0.24934383202099739
Firmicutes	1239	12	3.5561677432470595e-6	0.015748031496062992
Bacteroidetes	976	9	2.667125807435295e-6	0.011811023622047244
Cyanobacteria	1117	3	8.890419358117649e-7	0.003937007874015748
Verrucomicrobia	74201	3	8.890419358117649e-7	0.003937007874015748
Acidobacteria	57723	3	8.890419358117649e-7	0.003937007874015748
