Taxon	TaxID	Fragments	PropTotal	PropNonHost
Proteobacteria	1224	571	2.5323973900074702e-5	0.5898760330578512
Actinobacteria	201174	259	1.1486706199858753e-5	0.2675619834710744
Firmicutes	1239	96	4.257620830835677e-6	0.09917355371900827
Bacteroidetes	976	13	5.765528208423312e-7	0.013429752066115703
Deinococcus-Thermus	1297	10	4.435021698787164e-7	0.010330578512396695
Planctomycetes	203682	7	3.1045151891510145e-7	0.007231404958677686
Cyanobacteria	1117	5	2.217510849393582e-7	0.005165289256198347
Peploviricota	2731361	5	2.217510849393582e-7	0.005165289256198347
Uroviricota	2731618	2	8.870043397574327e-8	0.002066115702479339
