Taxon	TaxID	Fragments	PropTotal	PropNonHost
Proteobacteria	1224	266	6.9033955181339615e-6	0.6927083333333334
Actinobacteria	201174	93	2.413593169873904e-6	0.2421875
Firmicutes	1239	17	4.4119445040705766e-7	0.044270833333333336
Deinococcus-Thermus	1297	5	1.297630736491346e-7	0.013020833333333334
Bacteroidetes	976	3	7.785784418948077e-8	0.0078125
