Taxon	TaxID	Fragments	PropTotal	PropNonHost
Proteobacteria	1224	142	9.279174754632808e-6	0.6173913043478261
Actinobacteria	201174	88	5.7504744958287825e-6	0.3826086956521739
