Taxon	TaxID	Fragments	PropTotal	PropNonHost
Firmicutes	1239	1689	1.8255570529542867e-5	0.7090680100755667
Proteobacteria	1224	429	4.63685006345405e-6	0.1801007556675063
Actinobacteria	201174	198	2.1400846446711002e-6	0.08312342569269521
Bacteroidetes	976	49	5.296169070145652e-7	0.020570948782535684
Deinococcus-Thermus	1297	12	1.2970209967703637e-7	0.005037783375314861
Euryarchaeota	28890	5	5.4042541532098486e-8	0.0020990764063811922
