Taxon	TaxID	Fragments	PropTotal	PropNonHost
Firmicutes	1239	4437	0.0007301247119487699	0.7964458804523424
Proteobacteria	1224	682	0.00011222561495358598	0.12241967330820319
Actinobacteria	201174	404	6.647968979655241e-5	0.07251839885119368
Bacteroidetes	976	34	5.594825378917777e-6	0.006103033566684617
Planctomycetes	203682	5	8.227684380761436e-7	0.0008975049362771495
Acidobacteria	57723	3	4.936610628456862e-7	0.0005385029617662897
Deinococcus-Thermus	1297	2	3.2910737523045746e-7	0.0003590019745108598
Cyanobacteria	1117	2	3.2910737523045746e-7	0.0003590019745108598
Euryarchaeota	28890	2	3.2910737523045746e-7	0.0003590019745108598
