Taxon	TaxID	Fragments	PropTotal	PropNonHost
Firmicutes	1239	145	1.038207615460501e-5	0.6304347826086957
Proteobacteria	1224	62	4.4392325626586934e-6	0.26956521739130435
Actinobacteria	201174	23	1.6468120796959669e-6	0.1
