Taxon	TaxID	Fragments	PropTotal	PropNonHost
Proteobacteria	1224	27	2.582145952644017e-6	0.54
Actinobacteria	201174	21	2.0083357409453467e-6	0.42
Firmicutes	1239	2	1.9127007056622348e-7	0.04
