Taxon	TaxID	Fragments	PropTotal	PropNonHost
Proteobacteria	1224	469	7.028335732058862e-5	0.638095238095238
Actinobacteria	201174	226	3.38678864700491e-5	0.3074829931972789
Firmicutes	1239	19	2.84730018995988e-6	0.02585034013605442
Bacteroidetes	976	7	1.0490053331431136e-6	0.009523809523809525
Deinococcus-Thermus	1297	4	5.994316189389221e-7	0.005442176870748299
Spirochaetes	203691	3	4.495737142041916e-7	0.004081632653061225
Euryarchaeota	28890	3	4.495737142041916e-7	0.004081632653061225
Planctomycetes	203682	2	2.9971580946946105e-7	0.0027210884353741495
Peploviricota	2731361	2	2.9971580946946105e-7	0.0027210884353741495
