Taxon	TaxID	Fragments	PropTotal	PropNonHost
Proteobacteria	1224	19	1.8389900344162146e-6	0.4634146341463415
Actinobacteria	201174	16	1.5486231868768122e-6	0.3902439024390244
Firmicutes	1239	4	3.8715579671920305e-7	0.0975609756097561
Bacteroidetes	976	2	1.9357789835960153e-7	0.04878048780487805
