Taxon	TaxID	Fragments	PropTotal	PropNonHost
Proteobacteria	1224	44	3.3784686507286897e-6	0.6376811594202898
Actinobacteria	201174	14	1.0749672979591286e-6	0.2028985507246377
Firmicutes	1239	9	6.910504058308683e-7	0.13043478260869565
Bacteroidetes	976	2	1.5356675685130406e-7	0.028985507246376812
