Taxon	TaxID	Fragments	PropTotal	PropNonHost
Proteobacteria	1224	920	6.137764390038648e-5	0.6666666666666666
Actinobacteria	201174	386	2.5751924506031722e-5	0.2797101449275362
Firmicutes	1239	31	2.0681597401217187e-6	0.02246376811594203
Cyanobacteria	1117	18	1.2008669458771268e-6	0.013043478260869565
Pisuviricota	2732408	9	6.004334729385634e-7	0.006521739130434782
Bacteroidetes	976	8	5.337186426120564e-7	0.005797101449275362
Planctomycetes	203682	4	2.668593213060282e-7	0.002898550724637681
Euryarchaeota	28890	4	2.668593213060282e-7	0.002898550724637681
