Taxon	TaxID	Fragments	PropTotal	PropNonHost
Proteobacteria	1224	261	4.072367690178011e-5	0.786144578313253
Actinobacteria	201174	58	9.049705978173357e-6	0.1746987951807229
Firmicutes	1239	7	1.092205893917474e-6	0.02108433734939759
Deinococcus-Thermus	1297	6	9.361764805006921e-7	0.018072289156626505
