Taxon	TaxID	Fragments	PropTotal	PropNonHost
Proteobacteria	1224	35	3.3233755506477213e-6	0.6481481481481481
Actinobacteria	201174	15	1.424303807420452e-6	0.2777777777777778
Firmicutes	1239	4	3.7981434864545383e-7	0.07407407407407407
