Taxon	TaxID	Fragments	PropTotal	PropNonHost
Proteobacteria	1224	70	5.045753814355616e-6	0.6363636363636364
Actinobacteria	201174	35	2.522876907177808e-6	0.3181818181818182
Firmicutes	1239	3	2.1624659204381214e-7	0.02727272727272727
Bacteroidetes	976	2	1.4416439469587475e-7	0.01818181818181818
