Taxon	TaxID	Fragments	PropTotal	PropNonHost
Proteobacteria	1224	75	6.567641231651653e-6	0.5555555555555556
Actinobacteria	201174	52	4.553564587278479e-6	0.3851851851851852
Firmicutes	1239	8	7.00548398042843e-7	0.05925925925925926
