Taxon	TaxID	Fragments	PropTotal	PropNonHost
Proteobacteria	1224	26	1.6338751074665641e-6	0.6190476190476191
Actinobacteria	201174	14	8.797789040204576e-7	0.3333333333333333
Firmicutes	1239	2	1.256827005743511e-7	0.047619047619047616
