Taxon	TaxID	Fragments	PropTotal	PropNonHost
Proteobacteria	1224	174	1.7465912335996212e-6	0.48467966573816157
Actinobacteria	201174	120	1.2045456783445664e-6	0.3342618384401114
Firmicutes	1239	54	5.420455552550549e-7	0.15041782729805014
Bacteroidetes	976	7	7.026516457009971e-8	0.019498607242339833
Deinococcus-Thermus	1297	2	2.0075761305742773e-8	0.005571030640668524
Euryarchaeota	28890	2	2.0075761305742773e-8	0.005571030640668524
