Taxon	TaxID	Fragments	PropTotal	PropNonHost
Proteobacteria	1224	31	2.1000843285474894e-6	0.7380952380952381
Actinobacteria	201174	8	5.419572460767714e-7	0.19047619047619047
Firmicutes	1239	3	2.0323396727878932e-7	0.07142857142857142
