Taxon	TaxID	Fragments	PropTotal	PropNonHost
Proteobacteria	1224	15	9.639817226494767e-7	0.7142857142857143
Actinobacteria	201174	6	3.855926890597907e-7	0.2857142857142857
