Taxon	TaxID	Fragments	PropTotal	PropNonHost
Actinobacteria	201174	1690	0.00014958600965422797	0.824390243902439
Firmicutes	1239	187	1.6551824736887946e-5	0.09121951219512195
Proteobacteria	1224	150	1.3276864762209582e-5	0.07317073170731707
Uroviricota	2731618	12	1.0621491809767665e-6	0.005853658536585366
Bacteroidetes	976	11	9.736367492287026e-7	0.005365853658536586
