Taxon	TaxID	Fragments	PropTotal	PropNonHost
Proteobacteria	1224	426	6.294273230854882e-5	0.6182873730043541
Actinobacteria	201174	191	2.8220802513926817e-5	0.2772133526850508
Firmicutes	1239	44	6.501127280695183e-6	0.06386066763425254
Deinococcus-Thermus	1297	15	2.2162933911460854e-6	0.02177068214804064
Bacteroidetes	976	11	1.6252818201737957e-6	0.015965166908563134
Uroviricota	2731618	2	2.955057854861447e-7	0.002902757619738752
