Taxon	TaxID	Fragments	PropTotal	PropNonHost
Proteobacteria	1224	633	0.00011483899409749341	0.5988647114474929
Actinobacteria	201174	375	6.803257944164301e-5	0.3547776726584674
Bacteroidetes	976	19	3.446984025043246e-6	0.017975402081362345
Firmicutes	1239	14	2.539882965821339e-6	0.013245033112582781
Euryarchaeota	28890	8	1.451361694755051e-6	0.007568590350047304
Verrucomicrobia	74201	4	7.256808473775255e-7	0.003784295175023652
Planctomycetes	203682	2	3.6284042368876276e-7	0.001892147587511826
Thermodesulfobacteria	200940	2	3.6284042368876276e-7	0.001892147587511826
