Taxon	TaxID	Fragments	PropTotal	PropNonHost
Proteobacteria	1224	95	5.428379108854429e-6	0.59375
Actinobacteria	201174	48	2.7427599707896063e-6	0.3
Firmicutes	1239	13	7.428308254221851e-7	0.08125
Bacteroidetes	976	4	2.2856333089913385e-7	0.025
