Taxon	TaxID	Fragments	PropTotal	PropNonHost
Proteobacteria	1224	56	7.260087178089679e-6	0.5957446808510638
Actinobacteria	201174	31	4.018976830728215e-6	0.32978723404255317
Firmicutes	1239	5	6.482220694722928e-7	0.05319148936170213
Bacteroidetes	976	2	2.5928882778891714e-7	0.02127659574468085
