Taxon	TaxID	Fragments	PropTotal	PropNonHost
Proteobacteria	1224	112	6.015612663294343e-5	0.5436893203883495
Actinobacteria	201174	71	3.813468741909807e-5	0.3446601941747573
Bacteroidetes	976	16	8.593732376134775e-6	0.07766990291262135
Firmicutes	1239	5	2.6855413675421174e-6	0.024271844660194174
Coprothermobacterota	2138240	2	1.0742165470168469e-6	0.009708737864077669
