Taxon	TaxID	Fragments	PropTotal	PropNonHost
Proteobacteria	1224	915	2.3201583752785426e-5	0.746938775510204
Actinobacteria	201174	275	6.973153586902724e-6	0.22448979591836735
Firmicutes	1239	19	4.817815205496427e-7	0.015510204081632653
Bacteroidetes	976	16	4.0571075414706756e-7	0.013061224489795919
