Taxon	TaxID	Fragments	PropTotal	PropNonHost
Proteobacteria	1224	1023	6.775879672617313e-6	0.7380952380952381
Actinobacteria	201174	282	1.867837798316796e-6	0.20346320346320346
Firmicutes	1239	39	2.5831799338423773e-7	0.02813852813852814
Bacteroidetes	976	21	1.3909430412997417e-7	0.015151515151515152
Deinococcus-Thermus	1297	17	1.1260015096236005e-7	0.012265512265512266
Crenarchaeota	28889	4	2.6494153167614127e-8	0.002886002886002886
