Taxon	TaxID	Fragments	PropTotal	PropNonHost
Proteobacteria	1224	119	1.0999863564717466e-5	0.6197916666666666
Actinobacteria	201174	56	5.176406383396455e-6	0.2916666666666667
Bacteroidetes	976	12	1.1092299392992402e-6	0.0625
Firmicutes	1239	5	4.6217914137468347e-7	0.026041666666666668
