Taxon	TaxID	Fragments	PropTotal	PropNonHost
Proteobacteria	1224	1375	0.00019004756164831913	0.6318933823529411
Actinobacteria	201174	703	9.716613515546788e-5	0.32306985294117646
Firmicutes	1239	53	7.325469648989756e-6	0.024356617647058824
Bacteroidetes	976	16	2.2114625355440773e-6	0.007352941176470588
Planctomycetes	203682	13	1.7968133101295627e-6	0.0059742647058823525
Deinococcus-Thermus	1297	7	9.675148593005337e-7	0.003216911764705882
Uroviricota	2731618	5	6.910820423575242e-7	0.002297794117647059
Gemmatimonadetes	142182	2	2.7643281694300966e-7	0.0009191176470588235
Euryarchaeota	28890	2	2.7643281694300966e-7	0.0009191176470588235
