Taxon	TaxID	Fragments	PropTotal	PropNonHost
Proteobacteria	1224	52	2.1670903328267343e-6	0.5306122448979592
Actinobacteria	201174	34	1.4169436791559416e-6	0.3469387755102041
Firmicutes	1239	6	2.5004888455693085e-7	0.061224489795918366
Bacteroidetes	976	4	1.6669925637128726e-7	0.04081632653061224
Peploviricota	2731361	2	8.334962818564363e-8	0.02040816326530612
