Taxon	TaxID	Fragments	PropTotal	PropNonHost
Ramlibacter	174951	6	8.708219775728508e-7	0.2222222222222222
Corynebacterium	1716	5	7.25684981310709e-7	0.18518518518518517
Rhizorhabdus	1649486	4	5.805479850485672e-7	0.14814814814814814
Bosea	85413	4	5.805479850485672e-7	0.14814814814814814
Sphingomonas	13687	2	2.902739925242836e-7	0.07407407407407407
Luteibacter	242605	2	2.902739925242836e-7	0.07407407407407407
Rhodococcus	1827	2	2.902739925242836e-7	0.07407407407407407
Abiotrophia	46123	2	2.902739925242836e-7	0.07407407407407407
