Taxon	TaxID	Fragments	PropTotal	PropNonHost
Pseudomonas	286	5	3.726701593313999e-7	0.3333333333333333
Alcaligenes	507	3	2.2360209559883995e-7	0.2
Phycicoccus	367298	3	2.2360209559883995e-7	0.2
Halomonas	2745	2	1.4906806373255998e-7	0.13333333333333333
Cutibacterium	1912216	2	1.4906806373255998e-7	0.13333333333333333
