Taxon	TaxID	Fragments	PropTotal	PropNonHost
Sutterella	40544	3	1.9279634452989535e-7	0.2727272727272727
Xanthomonas	338	2	1.2853089635326358e-7	0.18181818181818182
Pseudomonas	286	2	1.2853089635326358e-7	0.18181818181818182
Corynebacterium	1716	2	1.2853089635326358e-7	0.18181818181818182
Actinomyces	1654	2	1.2853089635326358e-7	0.18181818181818182
