Taxon	TaxID	Fragments	PropTotal	PropNonHost
Delftia	80865	3	2.398200582139209e-7	0.42857142857142855
Leifsonia	110932	2	1.5988003880928061e-7	0.2857142857142857
Pseudomonas	286	2	1.5988003880928061e-7	0.2857142857142857
