Taxon	TaxID	Fragments	PropTotal	PropNonHost
Caulobacter	75	8	5.419572460767714e-7	0.32
Klebsiella	570	6	4.0646793455757864e-7	0.24
Streptomyces	1883	5	3.387232787979822e-7	0.2
Staphylococcus	1279	4	2.709786230383857e-7	0.16
Brevibacterium	1696	2	1.3548931151919286e-7	0.08
