Taxon	TaxID	Fragments	PropTotal	PropNonHost
Cutibacterium	1912216	6	6.244448945073202e-7	0.4
Pseudomonas	286	5	5.203707454227668e-7	0.3333333333333333
Tetrasphaera	99479	2	2.0814829816910675e-7	0.13333333333333333
Elizabethkingia	308865	2	2.0814829816910675e-7	0.13333333333333333
