Taxon	TaxID	Fragments	PropTotal	PropNonHost
Pseudomonas	286	7	6.646751101295443e-7	0.2
Brevundimonas	41275	6	5.697215229681807e-7	0.17142857142857143
Massilia	149698	5	4.747679358068173e-7	0.14285714285714285
Achromobacter	222	4	3.7981434864545383e-7	0.11428571428571428
Cutibacterium	1912216	4	3.7981434864545383e-7	0.11428571428571428
Klebsiella	570	3	2.8486076148409037e-7	0.08571428571428572
Variovorax	34072	2	1.8990717432272692e-7	0.05714285714285714
Micrococcus	1269	2	1.8990717432272692e-7	0.05714285714285714
Gardnerella	2701	2	1.8990717432272692e-7	0.05714285714285714
