Taxon	TaxID	Fragments	PropTotal	PropNonHost
Pseudomonas	286	8	7.589290372890296e-7	0.36363636363636365
Delftia	80865	4	3.794645186445148e-7	0.18181818181818182
Corynebacterium	1716	4	3.794645186445148e-7	0.18181818181818182
Halopseudomonas	2901189	3	2.845983889833861e-7	0.13636363636363635
Methylorubrum	2282523	3	2.845983889833861e-7	0.13636363636363635
