Taxon	TaxID	Fragments	PropTotal	PropNonHost
Delftia	80865	4	3.5000595447630053e-7	0.3076923076923077
Pseudonocardia	1847	3	2.6250446585722537e-7	0.23076923076923078
Comamonas	283	2	1.7500297723815027e-7	0.15384615384615385
Acinetobacter	469	2	1.7500297723815027e-7	0.15384615384615385
Lysobacter	68	2	1.7500297723815027e-7	0.15384615384615385
