Taxon	TaxID	Fragments	PropTotal	PropNonHost
Pseudomonas	286	3	3.5565777423437256e-7	0.375
Cutibacterium	1912216	3	3.5565777423437256e-7	0.375
Corynebacterium	1716	2	2.3710518282291504e-7	0.25
