Taxon	TaxID	Fragments	PropTotal	PropNonHost
Pseudomonas	286	8	5.027308022974044e-7	0.34782608695652173
Cutibacterium	1912216	5	3.1420675143587773e-7	0.21739130434782608
Stenotrophomonas	40323	4	2.513654011487022e-7	0.17391304347826086
Pseudonocardia	1847	2	1.256827005743511e-7	0.08695652173913043
Streptomyces	1883	2	1.256827005743511e-7	0.08695652173913043
Streptococcus	1301	2	1.256827005743511e-7	0.08695652173913043
