Taxon	TaxID	Fragments	PropTotal	PropNonHost
Pseudomonas	286	5	5.60249638274821e-7	0.5555555555555556
Leifsonia	110932	2	2.240998553099284e-7	0.2222222222222222
Streptomyces	1883	2	2.240998553099284e-7	0.2222222222222222
