Taxon	TaxID	Fragments	PropTotal	PropNonHost
Cutibacterium	1912216	14	1.1034067921150865e-6	0.45161290322580644
Corynebacterium	1716	8	6.305181669229066e-7	0.25806451612903225
Stenotrophomonas	40323	3	2.3644431259608998e-7	0.0967741935483871
Modestobacter	88138	2	1.5762954173072666e-7	0.06451612903225806
Lactococcus	1357	2	1.5762954173072666e-7	0.06451612903225806
Pseudomonas	286	2	1.5762954173072666e-7	0.06451612903225806
