Taxon	TaxID	Fragments	PropTotal	PropNonHost
Clostridium	1485	9	5.819412006610852e-7	0.34615384615384615
Klebsiella	570	7	4.526209338475107e-7	0.2692307692307692
Cutibacterium	1912216	6	3.8796080044072345e-7	0.23076923076923078
Halomonas	2745	2	1.293202668135745e-7	0.07692307692307693
Massilia	149698	2	1.293202668135745e-7	0.07692307692307693
