Taxon	TaxID	Fragments	PropTotal	PropNonHost
Pseudomonas	286	14	1.4005329027695037e-6	0.4375
Brevundimonas	41275	6	6.002283869012159e-7	0.1875
Pseudonocardia	1847	5	5.001903224176799e-7	0.15625
Hyphomicrobium	81	4	4.0015225793414396e-7	0.125
Janthinobacterium	29580	3	3.0011419345060794e-7	0.09375
